2.0875,0.611218,-1.01428
2.08613,0.602922,-1.01259
2.09171,0.59663,-1.01428
2.08321,0.586741,-1.00921
2.08736,0.571819,-1.00921
2.08914,0.565259,-1.00921
2.10171,0.560401,-1.01428
2.09313,0.550295,-1.00921
2.09855,0.543894,-1.0109
2.10034,0.536934,-1.0109
2.1023,0.529231,-1.0109
2.10756,0.52313,-1.01259
2.1042,0.506339,-1.00921
2.10595,0.498991,-1.00921
2.1093,0.484645,-1.00921
2.10901,0.469489,-1.00752
2.11426,0.46253,-1.00921
2.12055,0.394935,-1.00583
2.18304,0.151505,-0.127441
2.18353,0.144264,-0.127441
2.18801,0.13689,-0.127673
2.18849,0.128871,-0.127673
2.18448,0.121367,-0.0254707
2.18891,0.121613,-0.127673
2.18533,0.113763,-0.127441
2.19329,0.106119,-0.0255638
2.18175,0.10556,-0.127208
2.18965,0.0982832,-0.0255173
2.19008,0.0983026,-0.127673
2.19797,0.0909695,-0.0256104
2.19041,0.0906566,-0.127673
2.19827,0.083296,-0.0256104
2.1947,0.0831608,-0.127906
2.19852,0.0763899,-0.0256104
2.19453,0.0762511,0.0255638
2.19495,0.0762659,-0.127906
2.20279,0.0684562,-0.0256569
2.1934,0.0681645,-0.204849
2.19123,0.0680969,-0.127673
2.17802,0.174475,-0.114511
2.203,0.0611505,-0.0256569
2.19361,0.0608899,-0.204849
2.199,0.0610395,0.0256104
2.19144,0.0608296,-0.127673
2.18257,0.167557,-0.11472
2.2032,0.0534607,-0.0256569
2.19381,0.0532328,-0.204849
2.1952,0.0532666,0.0255638
2.18765,0.0530832,-0.127441
2.17916,0.159646,-0.114511
2.18579,0.152078,-0.0637664
2.19539,0.0452199,-0.0255638
2.19798,0.0452732,-0.205221
2.20738,0.045467,0.0257035
2.17575,0.15138,-0.114302
2.19552,0.0379399,-0.0255638
2.20752,0.0381472,0.0257035
2.19994,0.0380162,-0.128138
2.18819,0.144956,-0.11493
2.18281,0.136566,-0.0636501
2.19965,0.0299476,-0.0256104
2.19965,0.0299476,0.0256104
2.19608,0.0298989,-0.127906
2.18472,0.136686,-0.11472
2.20774,0.0223496,-0.0257035
2.19833,0.0222543,-0.205221
2.19974,0.0222686,0.0256104
2.20016,0.0222729,-0.128138
2.19316,0.12953,-0.115139
2.2038,0.0146169,-0.0256569
2.19839,0.0145811,-0.205221
2.1958,0.0145639,0.0255638
2.19623,0.0145667,-0.127906
2.18563,0.121431,-0.11472
2.1841,0.114082,-0.0636501
2.19584,0.00728269,-0.0255638
2.19843,0.00729128,-0.205221
2.19984,0.00729595,0.0256104
2.18972,0.114376,-0.179002
2.20026,0.00729735,-0.128138
2.18602,0.114183,-0.11472
2.18448,0.106457,-0.0636501
2.20785,-0.000384941,-0.0257035
2.20242,-0.000383995,-0.205592
2.20385,-0.000384244,0.0256569
2.20427,-0.000384316,-0.128371
2.1864,0.106551,-0.11472
2.20384,-0.00769308,-0.0256569
2.20241,-0.00768811,-0.205592
2.20784,-0.00770705,0.0257035
2.19443,0.0996483,-0.179327
2.20425,-0.00769453,-0.128371
2.19073,0.0994804,-0.11493
2.2078,-0.0154133,-0.0257035
2.20203,0.0922926,-0.0128095
2.1998,-0.0153575,0.0256104
2.19477,0.0919882,-0.179327
2.2082,-0.0154162,-0.128604
2.18061,0.198452,-0.101996
2.19107,0.0918332,-0.11493
2.18548,0.0835752,-0.0636501
2.20373,-0.0234632,-0.0256569
2.19436,0.0839149,-0.012763
2.2023,-0.023448,-0.205592
2.20773,-0.0235058,0.0257035
2.19509,0.0839428,-0.179327
2.20813,-0.0235101,-0.128604
2.19139,0.0838013,-0.11493
2.18576,0.0759465,-0.0636501
2.19963,-0.0310985,-0.0256104
2.19864,0.076394,-0.0127862
2.20619,-0.0311912,-0.205964
2.20763,-0.0312116,0.0257035
2.19537,0.0762805,-0.179327
2.20405,-0.0311609,-0.128371
2.18768,0.0760132,-0.11472
2.18999,0.0688238,-0.0637664
2.20352,-0.0384619,-0.0256569
2.20288,0.0692287,-0.0128095
2.20751,-0.0385317,0.0257035
2.19561,0.0690004,-0.179327
2.19058,0.0688425,0.0382557
2.20792,-0.0385388,-0.128604
2.18656,0.175927,-0.102182
2.19191,0.0688841,-0.11493
2.19422,0.06129,-0.0638828
2.21536,-0.0464052,-0.0257966
2.19911,0.0614266,-0.0127862
2.21136,-0.0463215,0.0257501
2.21177,-0.0463299,-0.128836
2.19114,0.168599,-0.102368
2.19613,0.0613434,-0.115139
2.19043,0.0531509,-0.0637664
2.20718,-0.0543273,-0.0257035
2.20331,0.0534636,-0.0128095
2.20718,-0.0543273,0.0257035
2.20759,-0.0543374,-0.128604
2.19174,0.160567,-0.102368
2.20033,0.0533912,-0.115348
2.19459,0.04597,-0.0638828
2.20299,-0.0615352,-0.0256569
2.20748,0.04624,-0.0128327
2.20555,-0.0616066,-0.205964
2.21099,-0.0617586,0.0257501
2.19621,0.0460039,-0.179327
2.20318,0.04615,0.0384651
2.21139,-0.0617698,-0.128836
2.18031,0.152462,-0.10181
2.19251,0.0459264,-0.11493
2.18607,0.152865,-0.0509928
2.15668,0.0376444,-1.00583
2.19474,0.0383086,-0.0638828
2.21476,-0.0696022,-0.0257966
2.20363,0.0384638,-0.0128095
2.2093,-0.0694307,-0.206336
2.21076,-0.0694766,0.0257501
2.19237,0.0382673,-0.179002
2.20333,0.0384585,0.0384651
2.21116,-0.0694892,-0.128836
2.18083,0.14485,-0.10181
2.19665,0.038342,-0.115139
2.20285,0.0307604,-0.0641155
2.20651,-0.0770521,-0.0257035
2.20375,0.0307729,-0.0128095
2.20904,-0.0771407,-0.206336
2.20651,-0.0770521,0.0257035
2.19648,0.0306714,-0.179327
2.20345,0.0307688,0.0384651
2.21489,-0.077345,-0.129069
2.18929,0.137739,-0.102182
2.20076,0.0307313,-0.115348
2.18309,0.137349,-0.0508998
2.19895,0.0230284,-0.0639992
2.21821,-0.0852149,-0.0258432
2.19021,0.0229369,-0.2788
2.20384,0.0230797,-0.0128095
2.21022,-0.0849079,0.0257501
2.19078,0.130156,-0.153464
2.20056,0.0230453,-0.179653
2.20354,0.0230765,0.0384651
2.21062,-0.0849233,-0.128836
2.18976,0.130096,-0.102182
2.20485,0.0230902,-0.115558
2.18356,0.129727,-0.0508998
2.19502,0.0153251,-0.0638828
2.2219,-0.0931244,-0.0258898
2.20791,0.0154151,-0.0128327
2.21391,-0.0927894,0.0257966
2.19122,0.122509,-0.153464
2.20063,0.0153642,-0.179653
2.20761,0.015413,0.0385349
2.2143,-0.092806,-0.129069
2.20612,0.0154025,0.0898817
2.1902,0.122452,-0.102182
2.20093,0.0153663,-0.115348
2.18799,0.122328,-0.0509928
2.19906,0.00767629,-0.0639992
2.21357,-0.100517,-0.0257966
2.19825,0.00767348,-0.27981
2.20795,0.00770734,-0.0128327
2.21209,-0.10045,-0.206708
2.20957,-0.100336,0.0257501
2.19163,0.114859,-0.153464
2.20067,0.00768191,-0.179653
2.20765,0.00770629,0.0385349
2.21396,-0.100535,-0.129069
2.19062,0.114805,-0.102182
2.20496,0.0076969,-0.115558
2.18441,0.11448,-0.0508998
2.16064,0.000754719,-1.00752
2.20307,0.00076954,-0.0641155
2.21724,-0.107665,-0.0258432
2.19826,0.000767862,-0.27981
2.21196,0.000772647,-0.012856
2.20779,-0.107206,-0.206336
2.21324,-0.107471,0.0257966
2.188,0.107777,-0.153185
2.19669,0.000767313,-0.179327
2.20366,0.000769748,0.0384651
2.20617,0.000770623,0.0898817
2.20098,0.00076881,-0.115348
2.19674,0.108208,-0.0511789
2.20705,-0.00693376,-0.0642319
2.21285,-0.115196,-0.0257966
2.19032,-0.00688117,-0.2788
2.20795,-0.00693657,-0.0128327
2.21138,-0.11512,-0.206708
2.20886,-0.114988,0.0257501
2.19235,0.100321,-0.153464
2.20067,-0.00691369,-0.179653
2.19965,-0.00691051,0.0383953
2.21325,-0.115217,-0.129069
2.20616,-0.00693094,0.0898817
2.19532,0.100457,-0.102368
2.20496,-0.00692719,-0.115558
2.18912,0.100173,-0.0509928
2.15697,-0.0143054,-1.00583
2.19902,-0.0145843,-0.0639992
2.22442,-0.123585,-0.0259363
2.19822,-0.0145789,-0.27981
2.20791,-0.0146433,-0.0128327
2.21494,-0.123058,-0.207079
2.22043,-0.123363,0.0258898
2.19667,0.0928363,-0.153743
2.20063,-0.014595,-0.179653
2.20762,-0.0146413,0.0385349
2.21283,-0.122941,-0.129069
2.20212,-0.0146049,0.0897188
2.19167,0.0926248,-0.102182
2.20892,-0.0146499,-0.115767
2.18906,0.199991,-0.089556
2.18945,0.0925313,-0.0509928
2.16053,-0.0218718,-1.00752
2.19896,-0.0222608,-0.0639992
2.19435,0.0850654,0
2.21599,-0.130878,-0.0258432
2.20785,-0.0223508,-0.0128327
2.21599,-0.130878,0.0258432
2.18901,0.0848582,-0.153185
2.19955,-0.0222668,0.0383953
2.21638,-0.130901,-0.129301
2.20206,-0.0222922,0.0897188
2.19597,0.0851281,-0.102368
2.18976,0.0848875,-0.0509928
2.16044,-0.0294128,-1.00752
2.20286,-0.0299904,-0.0641155
2.21951,-0.138862,-0.0258898
2.20776,-0.030057,-0.0128327
2.21153,-0.138362,0.0257966
2.1853,0.0770764,-0.152906
2.21546,-0.0301619,0.0386745
2.21591,-0.138636,-0.129301
2.20996,-0.030087,0.0900445
2.20024,0.0776035,-0.102555
2.20876,-0.0300707,-0.115767
2.19404,0.0773847,-0.0510859
2.1567,-0.0368915,-1.00583
2.20674,-0.0377476,-0.0642319
2.19089,0.0696179,0
2.21901,-0.146608,-0.0258898
2.20191,-0.0376649,-0.280315
2.21564,-0.0378997,-0.0128792
2.21353,-0.146246,-0.207079
2.21901,-0.146608,0.0258898
2.19752,0.0698285,-0.153743
2.20833,-0.0377747,-0.180304
2.20734,-0.0377578,0.0385349
2.20585,-0.0377323,0.0898817
2.19651,0.0697963,-0.102368
2.1983,0.0698531,-0.0511789
2.1638,-0.0445694,-1.00921
2.2066,-0.0454509,-0.0642319
2.21849,-0.154353,-0.0258898
2.1978,-0.0452696,-0.27981
2.21549,-0.0456341,-0.0128792
2.21301,-0.153972,-0.207079
2.18579,0.0618183,-0.152906
2.20818,-0.0454836,-0.180304
2.2072,-0.0454632,0.0385349
2.2097,-0.0455148,0.0900445
2.20073,0.062241,-0.102555
2.21249,-0.0455723,-0.115976
2.17968,0.168483,-0.0890675
2.19453,0.0620655,-0.0510859
2.16001,-0.0520345,-1.00752
2.20643,-0.0531526,-0.0642319
2.19533,0.05442,0
2.21394,-0.161804,-0.0258432
2.19763,-0.0529406,-0.27981
2.21132,-0.0532706,-0.012856
2.20273,0.0546035,0.051272
2.21793,-0.162096,0.0258898
2.20801,-0.0531908,-0.180304
2.21102,-0.0532633,0.0386047
2.21831,-0.162124,-0.129534
2.20553,-0.0531311,0.0898817
2.20094,0.0545591,-0.102555
2.18026,0.160874,-0.0890675
2.19073,0.0543062,-0.0509928
2.15982,-0.0595746,-1.00752
2.20223,-0.0607445,-0.0641155
2.1995,0.0468411,0
2.22134,-0.170143,-0.0259363
2.20139,-0.0607215,-0.280315
2.21112,-0.0609898,-0.012856
2.21585,-0.169722,-0.207451
2.22134,-0.170143,0.0259363
2.19813,0.046812,-0.153743
2.20682,-0.0608713,0.0385349
2.17417,0.152795,-0.139683
2.22172,-0.170172,-0.129766
2.20533,-0.0608301,0.0898817
2.19712,0.0467904,-0.102368
2.21212,-0.0610174,-0.115976
2.18081,0.153262,-0.0890675
2.19491,0.0467433,-0.0510859
2.1596,-0.0671134,-1.00752
2.19165,0.0390207,0
2.22074,-0.177896,-0.0259363
2.20514,-0.0685287,-0.280821
2.2109,-0.0687077,-0.012856
2.18302,0.0388671,-0.235185
2.21675,-0.177577,0.0258898
2.19828,0.0391388,-0.153743
2.2066,-0.0685742,0.0385349
2.18265,0.145737,-0.140195
2.22111,-0.177926,-0.129766
2.2091,-0.0686519,0.0900445
2.20126,0.0391918,-0.102555
2.20391,-0.0684906,-0.115558
2.18532,0.145915,-0.0892304
2.19506,0.0390813,-0.0510859
2.16297,-0.0747767,-1.00921
2.20175,-0.0761174,-0.0641155
2.19578,0.0314274,0
2.2201,-0.185647,-0.0259363
2.20488,-0.0762256,-0.280821
2.19508,0.0314174,-0.23647
2.20318,0.0315334,0.051272
2.2201,-0.185647,0.0259363
2.19442,0.031408,-0.153464
2.21132,-0.0764481,-0.180629
2.21434,-0.0765526,0.0386745
2.18315,0.138117,-0.140195
2.22047,-0.185678,-0.129766
2.21284,-0.0765008,0.0902073
2.20139,0.0315077,-0.102555
2.17784,0.137781,-0.0889047
2.19918,0.0314761,-0.0511789
2.15907,-0.0821885,-1.00752
2.20547,-0.0839546,-0.0642319
2.20387,0.0238491,0
2.22342,-0.193742,-0.0259829
2.20064,-0.0837707,-0.280315
2.21436,-0.084293,-0.0128792
2.1912,0.0237119,-0.236042
2.20327,0.0238427,0.051272
2.22342,-0.193742,0.0259829
2.19451,0.0237478,-0.153464
2.21104,-0.0841666,-0.180629
2.21006,-0.0841295,0.0386047
2.17963,0.130258,-0.139939
2.21981,-0.193428,-0.129766
2.21256,-0.0842246,0.0902073
2.20548,0.0238665,-0.102741
2.18229,0.130417,-0.0890675
2.19928,0.0237994,-0.0511789
2.15515,-0.089574,-1.00583
2.18421,0.122881,-0.0381859
2.21315,-0.0919847,-0.0644646
2.19994,0.0161267,0
2.22273,-0.201502,-0.0259829
2.20826,-0.0917814,-0.281326
2.21405,-0.092022,-0.0128792
2.19524,0.0160923,-0.23647
2.2212,-0.201363,-0.208195
2.19935,0.0161223,0.0511789
2.22273,-0.201502,0.0259829
2.20256,0.0161459,-0.154022
2.21375,-0.0920096,0.0386745
2.18007,0.122648,-0.139939
2.2231,-0.201536,-0.129999
2.21225,-0.0919473,0.0902073
2.20555,0.0161678,-0.102741
2.18673,0.123023,-0.0892304
2.19535,0.016093,-0.0510859
2.15481,-0.0974725,-1.00583
2.18864,0.115085,-0.0382557
2.20481,-0.0997343,-0.0642319
2.22994,-0.210399,-0.026076
2.20791,-0.0998745,-0.281326
2.2137,-0.100136,-0.0128792
2.19529,0.00804618,-0.23647
2.22044,-0.209503,-0.208195
2.20339,0.00807588,0.051272
2.22198,-0.209648,0.0259829
2.19862,0.00805839,-0.153743
2.21436,-0.100166,-0.180955
2.21739,-0.100303,0.0387443
2.18848,0.115076,-0.140451
2.22632,-0.210057,-0.130231
2.20559,0.00808396,-0.102741
2.21469,-0.100181,-0.116186
2.18716,0.115007,-0.0892304
2.20339,0.00807588,-0.051272
2.15449,-0.104241,-1.00583
2.18899,0.108209,-0.0382557
2.21647,-0.10724,-0.064581
2.22529,-0.217015,-0.0260295
2.21737,-0.107284,-0.0129024
2.19132,0.00114737,-0.236042
2.22374,-0.216864,-0.208567
2.2074,0.00115579,0.051365
2.22131,-0.216627,0.0259829
2.20262,0.00115329,-0.154022
2.21005,-0.10693,-0.180629
2.22106,-0.107462,0.0388142
2.18484,0.108003,-0.140195
2.22565,-0.217051,-0.130231
2.21158,-0.107003,0.0902073
2.20561,0.00115485,-0.102741
2.21437,-0.107138,-0.116186
2.18352,0.107938,-0.0890675
2.2034,0.0011537,-0.051272
2.15774,-0.111949,-1.00752
2.19335,0.10075,-0.0383255
2.21209,-0.114769,-0.0644646
2.19999,-0.00652752,0
2.22054,-0.22438,-0.0259829
2.22098,-0.11523,-0.0129257
2.20739,-0.00654948,0.051365
2.22452,-0.224782,0.0260295
2.2066,-0.00654714,-0.154301
2.20967,-0.114644,-0.180629
2.21668,-0.115007,0.0387443
2.18122,0.100193,-0.139939
2.21119,-0.114723,0.0902073
2.21797,-0.115074,-0.116395
2.17989,0.100132,-0.0889047
2.20339,-0.00653762,-0.051272
2.15371,-0.11928,-1.00583
2.1857,0.0927544,-0.0381859
2.21167,-0.12249,-0.0644646
2.19995,-0.0142069,0
2.21974,-0.232129,-0.0259829
2.20679,-0.122219,-0.281326
2.21657,-0.122761,-0.0129024
2.19923,-0.0142022,-0.236899
2.21136,-0.0142805,0.0514581
2.21974,-0.232129,0.0259829
2.22026,-0.122966,0.0388142
2.17757,0.0924094,-0.139683
2.22011,-0.232168,-0.129999
2.21876,-0.122882,0.090533
2.20956,-0.0142689,-0.102927
2.20958,-0.122374,-0.115976
2.18422,0.0926917,-0.0890675
2.20336,-0.0142289,-0.051272
2.20724,-0.129974,-0.0643483
2.20389,-0.0219259,0
2.2229,-0.240306,-0.0260295
2.21031,-0.130155,-0.281831
2.22012,-0.130733,-0.0129257
2.19122,-0.0217998,-0.236042
2.21129,-0.0219995,0.0514581
2.22687,-0.240736,0.026076
2.2065,-0.0219518,-0.154301
2.21677,-0.130536,-0.18128
2.21982,-0.130715,0.0388142
2.18586,0.0851183,-0.140195
2.21929,-0.239916,-0.129999
2.21831,-0.130627,0.090533
2.2015,-0.0219021,-0.102555
2.21711,-0.130556,-0.116395
2.18852,0.0852223,-0.0892304
2.1993,-0.0218801,-0.0511789
2.18629,0.0774932,-0.0381859
2.20677,-0.137678,-0.0643483
2.2038,-0.0296187,0
2.23,-0.248952,-0.0261226
2.20984,-0.13787,-0.281831
2.19458,0.0777871,0.012763
2.21565,-0.138233,-0.0129024
2.20306,-0.0296087,-0.237327
2.2072,-0.0296645,0.051365
2.19843,-0.0295466,-0.153743
2.21935,-0.138463,0.0388142
2.22637,-0.248547,-0.130464
2.20407,-0.0296223,0.128371
2.21386,-0.13812,0.0903702
2.20541,-0.0296404,-0.102741
2.20867,-0.137797,-0.115976
2.1928,0.0777239,-0.0893932
2.2072,-0.0296645,-0.051365
2.16681,-0.14278,-1.01259
2.19854,0.0702443,-0.0383953
2.21426,-0.145906,-0.064581
2.20368,-0.0373113,0
2.22911,-0.256734,-0.0261226
2.19884,0.0702538,0.0127862
2.21915,-0.146229,-0.0129257
2.19896,-0.0372313,-0.236899
2.21108,-0.0374366,0.0514581
2.22514,-0.256277,0.026076
2.2063,-0.0373555,-0.154301
2.21581,-0.146009,-0.18128
2.21885,-0.146209,0.0388142
2.1864,0.0698562,-0.140195
2.20794,-0.0373834,0.128604
2.22134,-0.146373,0.0906958
2.22013,-0.146293,-0.116605
2.18507,0.0698139,-0.0890675
2.20309,-0.0373012,-0.051272
2.15907,-0.149841,-1.00921
2.19478,0.0624558,-0.0383255
2.22171,-0.154188,-0.0648137
2.20354,-0.0450033,0
2.23217,-0.264985,-0.0261692
2.20882,-0.153294,-0.281831
2.19907,0.062578,0.0127862
2.22661,-0.154528,-0.0129722
2.21894,-0.0453178,0.0516442
2.2282,-0.264514,0.0261226
2.20615,-0.0450567,-0.154301
2.21926,-0.154018,-0.181606
2.22232,-0.15423,0.038884
2.18264,0.0621103,-0.139939
2.23252,-0.265026,-0.130929
2.22081,-0.154126,0.0906958
2.21314,-0.0451993,-0.103113
2.21961,-0.154042,-0.116605
2.1893,0.0622998,-0.0892304
2.20294,-0.0449911,-0.051272
2.19098,0.0546944,-0.0382557
2.21717,-0.161652,-0.0646974
2.20737,-0.0527905,0
2.23521,-0.273261,-0.0262157
2.19528,0.0548016,0.012763
2.21808,-0.161718,-0.0129257
2.19865,-0.052582,-0.236899
2.21876,-0.053063,0.0516442
2.22727,-0.27229,0.0261226
2.20997,-0.0528527,-0.15458
2.21473,-0.161474,-0.18128
2.22176,-0.161987,0.038884
2.18284,0.0544911,-0.139939
2.20763,-0.0527967,0.128604
2.22425,-0.162168,0.0908587
2.22304,-0.16208,-0.116814
2.1895,0.0546574,-0.0892304
2.20677,-0.0527762,-0.051365
2.19116,0.0470461,-0.0382557
2.22058,-0.169695,-0.0648137
2.20717,-0.0604953,0
2.23027,-0.280562,-0.0261692
2.19674,-0.0602094,-0.34189
2.2077,-0.16871,-0.281831
2.19546,0.0471383,0.012763
2.22149,-0.169764,-0.0129489
2.19448,-0.0601474,-0.23647
2.22867,-0.280361,-0.209682
2.21057,-0.0605885,0.0514581
2.23821,-0.281561,0.0262623
2.22118,-0.169741,0.038884
2.18701,0.0469569,-0.140195
2.23061,-0.280605,-0.130929
2.21968,-0.169626,0.0906958
2.20877,-0.0605393,-0.102927
2.19367,0.0471001,-0.0893932
2.20258,-0.0603694,-0.051272
2.19932,0.0391572,-0.0383953
2.20693,-0.0685846,0
2.22923,-0.288735,-0.0261692
2.20045,-0.0683832,-0.342505
2.19961,0.0391625,0.0127862
2.22484,-0.178224,-0.0129722
2.20219,-0.0684372,-0.237327
2.22763,-0.288528,-0.209682
2.20634,-0.068566,0.051365
2.22923,-0.288735,0.0261692
2.22147,-0.177955,-0.181931
2.22852,-0.17852,0.0390236
2.19116,0.0390119,-0.140451
2.22957,-0.288779,-0.130929
2.21904,-0.177761,0.0906958
2.20854,-0.0686344,-0.102927
2.21784,-0.177664,-0.116605
2.22147,-0.177955,0.181931
2.20182,0.0392018,-0.0897188
2.21033,-0.0686902,-0.0514581
2.20743,0.0319796,-0.0385349
2.21536,-0.184861,-0.0646974
2.2027,-0.0757652,0
2.23619,-0.297179,-0.0262623
2.20022,-0.0756798,-0.342505
2.19973,0.0318681,0.0127862
2.22423,-0.185601,-0.0129722
2.20195,-0.0757396,-0.237327
2.23061,-0.296438,-0.210054
2.21009,-0.0760196,0.0514581
2.21328,-0.0761293,-0.154859
2.22087,-0.18532,-0.181931
2.19484,0.0317972,0.0638828
2.22792,-0.185909,0.0390236
2.19527,0.0318034,-0.140707
2.23256,-0.296697,-0.131162
2.21094,-0.0760488,0.128836
2.22243,-0.185451,0.0908587
2.21229,-0.0760952,-0.103113
2.22122,-0.18535,-0.116814
2.19795,0.0318422,-0.089556
2.21009,-0.0760196,-0.0514581
2.19553,0.0241421,-0.0383255
2.21868,-0.192939,-0.0648137
2.20387,-0.191651,-0.442441
2.20642,-0.083605,0
2.23117,-0.304443,-0.0262157
2.19599,-0.0832099,-0.34189
2.21767,-0.192851,-0.283346
2.19983,0.0241894,0.0127862
2.23154,-0.194057,-0.0130187
2.20962,-0.0837265,-0.238184
2.2218,-0.0841881,0.0517372
2.23117,-0.304443,0.0262157
2.20902,-0.0837035,-0.15458
2.22021,-0.193072,-0.181931
2.22725,-0.193684,0.0390236
2.19137,0.0240964,-0.140451
2.21466,-0.0839172,0.129069
2.22575,-0.193553,0.0910215
2.19804,0.0241697,-0.089556
2.20982,-0.0837338,-0.0514581
2.1956,0.0164781,-0.0383255
2.218,-0.200683,-0.0648137
2.2141,-0.0916372,0
2.22614,-0.311674,-0.0261692
2.19963,-0.0910382,-0.342505
2.21303,-0.200233,-0.282841
2.1959,0.0164804,0.012763
2.22288,-0.201125,-0.0129722
2.20137,-0.0911101,-0.237327
2.23243,-0.312555,-0.210425
2.2215,-0.0919431,0.0517372
2.23406,-0.312784,0.0262623
2.2127,-0.091579,-0.154859
2.21952,-0.20082,-0.181931
2.22258,-0.201097,0.0389538
2.18745,0.0164169,-0.140195
2.23834,-0.313383,-0.131627
2.21435,-0.0916473,0.129069
2.22904,-0.201682,0.0911843
2.21987,-0.200852,-0.116814
2.22746,-0.201539,0.182582
2.19811,0.016497,-0.089556
2.20551,-0.0912817,-0.051365
2.19165,0.00918043,-0.0382557
2.2213,-0.20841,-0.0649301
2.20979,-0.0988002,0
2.23301,-0.32019,-0.0262623
2.19537,-0.0981554,-0.34189
2.21236,-0.207571,-0.282841
2.19994,0.00921518,0.0127862
2.23017,-0.209242,-0.0130187
2.20106,-0.0984096,-0.237327
2.21718,-0.0991307,0.0516442
2.23301,-0.32019,0.0262623
2.22588,-0.20884,0.0390236
2.19148,0.00917975,-0.140451
2.23234,-0.209446,0.0913472
2.22317,-0.208586,-0.117023
2.19416,0.00919096,-0.0893932
2.21319,-0.0989521,-0.0515511
2.19567,0.00153289,-0.0383255
2.2126,-0.215388,-0.0646974
2.20943,-0.106513,0
2.23979,-0.329146,-0.0263554
2.19896,-0.106008,-0.342505
2.21952,-0.216061,-0.283851
2.20396,0.00153868,0.0128095
2.22544,-0.216638,-0.0129954
2.2007,-0.106092,-0.237327
2.23419,-0.328322,-0.210797
2.21682,-0.10687,0.0516442
2.20804,-0.106446,-0.15458
2.19907,0.00153526,0.0639992
2.22514,-0.216609,0.0390236
2.18751,0.00152719,-0.140195
2.22364,-0.216462,0.0910215
2.21901,-0.106975,-0.103485
2.22243,-0.216345,-0.117023
2.20217,0.00153743,-0.0897188
2.20884,-0.106484,-0.0514581
2.19966,-0.00614263,-0.0383953
2.21979,-0.223913,-0.0649301
2.21273,-0.2232,-0.444794
2.21304,-0.114432,0
2.24258,-0.337558,-0.026402
2.19858,-0.113684,-0.342505
2.20395,-0.00615463,0.0128095
2.22865,-0.224806,-0.0130187
2.20032,-0.113773,-0.237327
2.23303,-0.336119,-0.210797
2.21644,-0.114607,0.0516442
2.21164,-0.114359,-0.154859
2.22527,-0.224465,-0.182582
2.23631,-0.225579,0.039233
2.19948,-0.00614213,-0.140962
2.23499,-0.336415,-0.131627
2.21329,-0.114444,0.129069
2.22684,-0.224624,0.0911843
2.22166,-0.224101,-0.117023
2.20216,-0.00614963,-0.0897188
2.20845,-0.114194,-0.0514581
2.20362,-0.0138459,-0.0384651
2.22297,-0.232075,-0.0650464
2.20803,-0.230515,-0.44401
2.20864,-0.121935,0
2.24139,-0.345384,-0.026402
2.20212,-0.121575,-0.34312
2.21795,-0.231551,-0.283851
2.19992,-0.0138227,0.0127862
2.23183,-0.233,-0.0130419
2.20785,-0.121892,-0.238184
2.23578,-0.344518,-0.211169
2.21602,-0.122343,0.0516442
2.21521,-0.122298,-0.155138
2.22051,-0.231817,-0.182256
2.19903,-0.0138171,0.0639992
2.22755,-0.232553,0.0390934
2.19944,-0.0138197,-0.140962
2.22484,-0.12283,0.129766
2.22605,-0.232396,0.0911843
2.22881,-0.232684,-0.117442
2.19813,-0.0138115,-0.089556
2.21203,-0.122123,-0.0515511
2.19956,-0.0214988,-0.0383953
2.22612,-0.240262,-0.0651628
2.21112,-0.238642,-0.444794
2.22018,-0.130347,0
2.23622,-0.352583,-0.0263554
2.20168,-0.129261,-0.34312
2.22108,-0.239717,-0.284356
2.20786,-0.0215799,0.0128327
2.23101,-0.240789,-0.0130419
2.20344,-0.129365,-0.237755
2.22756,-0.130781,0.0519233
2.23622,-0.352583,0.0263554
2.21477,-0.13003,-0.155138
2.22365,-0.239995,-0.182582
2.20296,-0.0215321,0.0641155
2.2307,-0.240756,0.0391632
2.19539,-0.0214581,-0.140707
2.24048,-0.353254,-0.132092
2.21642,-0.130127,0.129301
2.22919,-0.240593,0.0913472
2.19807,-0.0214843,-0.089556
2.21558,-0.130078,-0.0516442
2.20747,-0.0292827,-0.0385349
2.22925,-0.248474,-0.0652792
2.2237,-0.138345,0
2.24287,-0.36166,-0.0264485
2.20121,-0.136946,-0.34312
2.20777,-0.0292867,0.0128327
2.23413,-0.249018,-0.0130652
2.21488,-0.137796,-0.239041
2.22939,-0.359485,-0.210797
2.2231,-0.138307,0.0518303
2.23498,-0.360386,0.0263554
2.20687,-0.0292748,0.0642319
2.23382,-0.248985,0.039233
2.20329,-0.0292272,-0.141218
2.22834,-0.248373,0.0913472
2.21332,-0.137699,-0.103299
2.20598,-0.0292629,-0.0898817
2.20713,-0.137314,-0.0514581
2.20735,-0.036988,-0.0385349
2.23234,-0.256711,-0.0653955
2.21921,-0.145844,0
2.24949,-0.370788,-0.0265417
2.22329,-0.255671,-0.284861
2.21165,-0.0370601,0.012856
2.23324,-0.256815,-0.0130652
2.21439,-0.145527,-0.239041
2.23205,-0.367912,-0.211169
2.2226,-0.146067,0.0518303
2.23765,-0.368836,0.026402
2.21779,-0.14575,-0.155417
2.20276,-0.036911,0.0641155
2.23294,-0.256781,0.039233
2.19918,-0.036851,-0.140962
2.23796,-0.368887,-0.132092
2.21546,-0.145597,0.129301
2.22746,-0.25615,0.0913472
2.2208,-0.145948,-0.103671
2.23022,-0.256468,-0.117651
2.20586,-0.036963,-0.0898817
2.21063,-0.14528,-0.0515511
2.20721,-0.0446929,-0.0385349
2.22746,-0.264031,-0.0652792
2.2085,-0.261784,-0.444794
2.2147,-0.153313,0
2.2403,-0.377309,-0.0264485
2.2002,-0.15231,-0.34312
2.21551,-0.0448609,0.0128792
2.23233,-0.264609,-0.0130652
2.21386,-0.153255,-0.239041
2.23468,-0.376363,-0.211541
2.22208,-0.153824,0.0518303
2.2403,-0.377309,0.0264485
2.21727,-0.153491,-0.155417
2.22893,-0.264206,-0.183233
2.20262,-0.0445998,0.0641155
2.23203,-0.264573,0.039233
2.20303,-0.0446082,-0.141218
2.24059,-0.377359,-0.132324
2.23052,-0.264394,0.09151
2.22027,-0.153699,-0.103671
2.22535,-0.263781,-0.117442
2.20572,-0.0446627,-0.0898817
2.2141,-0.153272,-0.0516442
2.21104,-0.0524922,-0.0386047
2.23049,-0.272289,-0.0653955
2.21535,-0.270442,-0.446363
2.22213,-0.161623,0
2.23502,-0.384449,-0.026402
2.2036,-0.160276,-0.343735
2.20734,-0.0524043,0.0128327
2.23537,-0.272885,-0.0130884
2.21728,-0.161271,-0.239469
2.23727,-0.384836,-0.211912
2.22552,-0.16187,0.0519233
2.24291,-0.385805,0.0264951
2.23903,-0.273332,0.0393726
2.20286,-0.0522979,-0.141218
2.22634,-0.161929,0.129999
2.22959,-0.272179,0.09151
2.22371,-0.161738,-0.103857
2.20555,-0.0523618,-0.0898817
2.21754,-0.16129,-0.0517372
2.20685,-0.0601009,-0.0385349
2.22953,-0.280073,-0.0653955
2.22155,-0.169379,0
2.24155,-0.393632,-0.0264951
2.20697,-0.168267,-0.344349
2.20714,-0.0601091,0.0128327
2.23043,-0.280187,-0.0130652
2.20481,-0.168103,-0.238184
2.23984,-0.393332,-0.212284
2.23291,-0.170245,0.0521094
2.23761,-0.39294,0.0264485
2.22012,-0.16927,-0.155696
2.22703,-0.27976,-0.183233
2.23013,-0.280149,0.039233
2.20665,-0.0600957,-0.141474
2.24184,-0.393683,-0.132557
2.21779,-0.169093,0.129534
2.24052,-0.281454,0.0919985
2.22875,-0.169928,0.27445
2.20535,-0.0600603,-0.0898817
2.21696,-0.169029,-0.0517372
2.21062,-0.0679267,-0.0386047
2.2325,-0.288366,-0.0655119
2.22892,-0.177769,0
2.24803,-0.402865,-0.0265882
2.20243,-0.175656,-0.343735
2.22344,-0.287196,-0.285366
2.20692,-0.0678131,0.0128327
2.22944,-0.287971,-0.0130652
2.23845,-0.401148,-0.212284
2.22035,-0.177085,0.0518303
2.24803,-0.402865,0.0265882
2.20602,-0.0677855,0.0642319
2.22914,-0.287932,0.039233
2.20643,-0.067798,-0.141474
2.24045,-0.401506,-0.132557
2.22515,-0.177468,0.129999
2.23159,-0.288249,0.0916728
2.24001,-0.178653,0.275912
2.20912,-0.0678808,-0.0900445
2.21237,-0.176449,-0.0516442
2.20237,-0.0753693,-0.0384651
2.23148,-0.296158,-0.0655119
2.21629,-0.294142,-0.447147
2.21633,-0.184552,0
2.21362,-0.184326,-0.345579
2.22636,-0.295478,-0.285871
2.21067,-0.0756531,0.012856
2.23635,-0.296804,-0.0131117
2.21944,-0.184811,-0.239897
2.23704,-0.408959,-0.212284
2.22769,-0.185498,0.0520164
2.24661,-0.410709,0.0265882
2.21888,-0.184765,-0.155696
2.20977,-0.0756223,0.0643483
2.23605,-0.296764,0.0393726
2.1982,-0.0752264,-0.140962
2.24296,-0.410043,-0.13279
2.22452,-0.185234,0.129999
2.23057,-0.296037,0.0916728
2.22587,-0.185347,-0.104044
2.23728,-0.296928,-0.118279
2.23146,-0.185812,0.274937
2.20887,-0.0755916,-0.0900445
2.21573,-0.184502,-0.0517372
2.2141,-0.0831223,-0.0386745
2.22652,-0.303017,-0.0653955
2.2153,-0.301489,-0.447147
2.21969,-0.192246,0
2.24524,-0.418157,-0.0265882
2.20512,-0.190984,-0.344349
2.2144,-0.0831336,0.0128792
2.23139,-0.303679,-0.0130884
2.21089,-0.191484,-0.239041
2.23959,-0.417105,-0.212656
2.23104,-0.193229,0.0521094
2.24131,-0.417425,0.0265417
2.21826,-0.192122,-0.155696
2.23902,-0.304717,0.0394424
2.20991,-0.0829648,-0.14173
2.24159,-0.417478,-0.13279
2.22389,-0.19261,0.129999
2.22127,-0.192383,-0.103857
2.23233,-0.303807,-0.11807
2.2126,-0.0830661,-0.0902073
2.21511,-0.191849,-0.0517372
2.2138,-0.0908505,-0.0386745
2.23337,-0.311893,-0.0656282
2.22697,-0.200711,0
2.24376,-0.425992,-0.0265882
2.20444,-0.19868,-0.344349
2.22822,-0.311174,-0.286376
2.2101,-0.0906988,0.012856
2.23824,-0.312573,-0.0131349
2.23812,-0.42492,-0.212656
2.23035,-0.201016,0.0521094
2.24376,-0.425992,0.0265882
2.22155,-0.200222,-0.155975
2.23086,-0.311542,-0.183884
2.23794,-0.31253,0.0394424
2.2096,-0.0906783,-0.14173
2.24797,-0.42679,-0.133255
2.23116,-0.201089,0.130464
2.23642,-0.312319,0.0919985
2.2341,-0.201353,0.275425
2.20831,-0.0906251,-0.0900445
2.22637,-0.200657,-0.0520164
2.21345,-0.0989638,-0.0386745
2.23617,-0.320644,-0.0657446
2.22085,-0.318447,-0.448716
2.22622,-0.208872,0
2.25004,-0.435734,-0.0266814
2.20763,-0.207128,-0.344964
2.20576,-0.0986199,0.0128327
2.23708,-0.320774,-0.0131349
2.22134,-0.208414,-0.240326
2.24436,-0.434634,-0.2134
2.23358,-0.209563,0.0522025
2.22477,-0.208736,-0.156255
2.23365,-0.320282,-0.184209
2.20886,-0.0987584,0.0643483
2.23678,-0.320731,0.0394424
2.20527,-0.0985979,-0.141474
2.25031,-0.435785,-0.133487
2.22643,-0.208892,0.130231
2.23526,-0.320514,0.0919985
2.2373,-0.209911,0.275912
2.21195,-0.0988968,-0.0902073
2.22164,-0.208442,-0.0519233
2.21311,-0.106303,-0.0386745
2.23114,-0.327477,-0.0656282
2.23348,-0.217027,0
2.25643,-0.44474,-0.0267745
2.226,-0.326722,-0.286376
2.20542,-0.105934,0.0128327
2.23601,-0.328191,-0.0131349
2.21668,-0.215394,-0.239897
2.24291,-0.442074,-0.2134
2.23288,-0.216968,0.0522025
2.24858,-0.443193,0.0266814
2.2201,-0.215727,-0.155975
2.21251,-0.106275,0.0644646
2.23966,-0.328727,0.0395123
2.2129,-0.106293,-0.141986
2.24493,-0.442473,-0.133255
2.22573,-0.216274,0.130231
2.23814,-0.328505,0.0921613
2.24449,-0.218097,0.276887
2.21561,-0.106423,-0.0903702
2.22094,-0.215808,-0.0519233
2.21672,-0.114234,-0.0387443
2.23789,-0.336452,-0.065861
2.22475,-0.22402,0
2.25487,-0.452614,-0.0267745
2.2101,-0.222546,-0.345579
2.21303,-0.114043,0.0128792
2.24276,-0.337183,-0.0131814
2.23745,-0.449117,-0.213028
2.22813,-0.224361,0.0521094
2.22727,-0.224274,-0.156534
2.21612,-0.114203,0.064581
2.24245,-0.337138,0.0395821
2.20853,-0.113812,-0.14173
2.24729,-0.451093,-0.133487
2.22496,-0.224042,0.130231
2.23303,-0.335721,0.0919985
2.23029,-0.224579,-0.104416
2.23972,-0.336727,-0.118698
2.23582,-0.225135,0.275912
2.24324,-0.337257,0.185186
2.21921,-0.114362,-0.090533
2.22017,-0.223559,-0.0519233
2.21631,-0.121971,-0.0387443
2.23275,-0.343653,-0.0657446
2.22793,-0.2322,0
2.25327,-0.460482,-0.0267745
2.20931,-0.230259,-0.345579
2.2206,-0.122207,0.0129257
2.23761,-0.344402,-0.0131582
2.21512,-0.230864,-0.239897
2.23977,-0.457722,-0.2134
2.23926,-0.23338,0.0523886
2.24544,-0.45888,0.0266814
2.23417,-0.343872,-0.184535
2.21172,-0.121718,0.0644646
2.24917,-0.34618,0.0397217
2.24179,-0.458135,-0.133255
2.22814,-0.232221,0.130464
2.2358,-0.344122,0.0921613
2.22949,-0.232362,-0.104416
2.23897,-0.23335,0.2764
2.23811,-0.344478,0.18486
2.21481,-0.121888,-0.0903702
2.21938,-0.231308,-0.0519233
2.23549,-0.352067,-0.065861
2.22711,-0.239975,0
2.24774,-0.46753,-0.0267279
2.20457,-0.237546,-0.344964
2.21617,-0.129724,0.0129024
2.24825,-0.354077,-0.0132279
2.22221,-0.239447,-0.240754
2.24206,-0.466349,-0.213771
2.23843,-0.241195,0.0523886
2.24382,-0.466715,0.0266814
2.22565,-0.239818,-0.156534
2.2369,-0.352289,-0.18486
2.24004,-0.352785,0.0395821
2.21167,-0.129461,-0.141986
2.24409,-0.466771,-0.133487
2.23525,-0.240853,0.130929
2.23853,-0.352546,0.0923241
2.24126,-0.352976,-0.118907
2.24209,-0.241589,0.276887
2.24083,-0.352909,0.185186
2.21437,-0.129619,-0.0903702
2.22651,-0.23991,-0.0521094
2.21939,-0.137688,-0.0388142
2.23425,-0.359868,-0.065861
2.23023,-0.24819,0
2.25,-0.476201,-0.0267745
2.21158,-0.246114,-0.346194
2.23297,-0.359663,-0.287892
2.21171,-0.137211,0.0128792
2.24305,-0.361287,-0.0132047
2.22531,-0.247642,-0.241183
2.24431,-0.474997,-0.214143
2.24155,-0.24945,0.0524816
2.25392,-0.477029,0.0268211
2.23959,-0.360729,-0.185186
2.24275,-0.361238,0.0396519
2.2112,-0.13718,-0.141986
2.25416,-0.477082,-0.134185
2.2344,-0.248654,0.130929
2.24518,-0.361629,0.0926498
2.23179,-0.248363,-0.104602
2.23607,-0.360162,-0.118698
2.23728,-0.248975,0.2764
2.21789,-0.137595,-0.090533
2.22565,-0.247681,-0.0521094
2.21092,-0.144911,-0.0386745
2.23298,-0.367665,-0.065861
2.22538,-0.255517,0
2.25615,-0.485736,-0.0268676
2.21463,-0.254283,-0.346809
2.21521,-0.145192,0.0129024
2.24572,-0.369764,-0.0132279
2.22443,-0.255409,-0.241183
2.23875,-0.48199,-0.213771
2.2367,-0.256817,0.0523886
2.25615,-0.485736,0.0268676
2.21431,-0.145133,0.064581
2.24147,-0.369064,0.0396519
2.21071,-0.144898,-0.141986
2.24077,-0.482426,-0.133487
2.22955,-0.255996,0.130697
2.23996,-0.368814,0.0924869
2.23091,-0.256152,-0.104602
2.24035,-0.257236,0.276887
2.24618,-0.36984,0.185836
2.22139,-0.145597,-0.0906958
2.22478,-0.255448,-0.0521094
2.21838,-0.153179,-0.0388142
2.22447,-0.263284,0
2.21868,-0.1532,0.0129257
2.24836,-0.378264,-0.0132512
2.22748,-0.263639,-0.241611
2.24094,-0.490653,-0.214143
2.23579,-0.264623,0.0523886
2.24662,-0.491897,0.0267745
2.23094,-0.264049,-0.157092
2.24095,-0.377017,-0.185511
2.21379,-0.152862,0.064581
2.24017,-0.376886,0.0396519
2.21019,-0.152614,-0.141986
2.25078,-0.492807,-0.134185
2.23261,-0.264246,0.130929
2.23,-0.263938,-0.104602
2.24138,-0.37709,-0.119117
2.24338,-0.265521,0.277375
2.22784,-0.263683,-0.0522025
2.21783,-0.160922,-0.0388142
2.2343,-0.383922,-0.0659773
2.22751,-0.271531,0
2.26051,-0.503213,-0.0269608
2.2369,-0.38437,-0.288902
2.22212,-0.161233,0.0129489
2.24703,-0.38611,-0.0132512
2.22654,-0.271413,-0.241611
2.2431,-0.499338,-0.214515
2.23882,-0.272909,0.0524816
2.2488,-0.500606,0.0268211
2.23962,-0.384837,-0.185511
2.22122,-0.161167,0.0648137
2.25067,-0.386735,0.0398613
2.22159,-0.161194,-0.142753
2.24904,-0.50066,-0.134185
2.23564,-0.272521,0.131162
2.24521,-0.385797,0.0928126
2.23303,-0.272204,-0.104788
2.24399,-0.385588,-0.119326
2.2385,-0.27287,0.276887
2.22032,-0.161102,-0.0906958
2.23088,-0.271941,-0.0522955
2.22523,-0.169269,-0.0389538
2.24082,-0.393101,-0.0662101
2.23052,-0.279803,0
2.25484,-0.510218,-0.0269142
2.21577,-0.277953,-0.347424
2.23555,-0.392176,-0.288902
2.21357,-0.168382,0.0129024
2.24135,-0.507165,-0.214515
2.25094,-0.509335,0.0268676
2.23433,-0.391963,-0.185186
2.24536,-0.393898,0.0397915
2.21703,-0.168645,-0.142497
2.25507,-0.510271,-0.13465
2.24259,-0.281318,0.131627
2.23991,-0.392941,0.0926498
2.2281,-0.2795,-0.104602
2.23869,-0.392728,-0.119117
2.21974,-0.168851,-0.0906958
2.22992,-0.279727,-0.0522955
2.22064,-0.176718,-0.038884
2.24337,-0.401625,-0.0663264
2.2335,-0.288099,0
2.25304,-0.518086,-0.0269142
2.21479,-0.285685,-0.347424
2.23807,-0.400677,-0.289407
2.21695,-0.176425,0.0129257
2.24822,-0.402493,-0.0132744
2.22854,-0.287459,-0.242039
2.23956,-0.514986,-0.214515
2.25304,-0.518086,0.0269142
2.23201,-0.287907,-0.157371
2.2408,-0.401165,-0.185836
2.21605,-0.176353,0.0646974
2.24791,-0.402438,0.0398613
2.21245,-0.176067,-0.142242
2.24549,-0.516349,-0.134185
2.23764,-0.288633,0.131394
2.24639,-0.402166,0.0929754
2.23108,-0.287787,-0.104788
2.24124,-0.401244,-0.119326
2.21914,-0.176599,-0.0906958
2.22893,-0.287509,-0.0522955
2.22406,-0.184023,-0.0389538
2.23423,-0.407237,-0.0660937
2.23258,-0.295114,0
2.2592,-0.526978,-0.0270073
2.22172,-0.293678,-0.348654
2.22899,-0.406283,-0.288397
2.22037,-0.183718,0.0129489
2.24301,-0.408837,-0.0132512
2.21974,-0.293417,-0.241183
2.24181,-0.522923,-0.214887
2.24387,-0.296606,0.0526678
2.2553,-0.52607,0.0269608
2.24345,-0.408918,-0.186162
2.21947,-0.183644,0.0648137
2.25057,-0.410216,0.0399311
2.21984,-0.183675,-0.142753
2.23997,-0.522494,-0.133952
2.23276,-0.295138,0.131162
2.24905,-0.409938,0.0931383
2.2439,-0.409,-0.119535
2.22654,-0.184228,-0.0910215
2.23198,-0.295034,-0.0523886
2.23279,-0.415033,-0.0660937
2.23946,-0.303981,0
2.25345,-0.533939,-0.0269608
2.22459,-0.301963,-0.349269
2.22371,-0.191812,0.0129722
2.24943,-0.418126,-0.0132977
2.23052,-0.302768,-0.242468
2.24385,-0.531664,-0.215258
2.24282,-0.304437,0.0526678
2.25734,-0.534861,0.0270073
2.25306,-0.4188,0.0400009
2.25368,-0.533993,-0.134883
2.23568,-0.303467,0.131394
2.2476,-0.417786,0.0931383
2.22912,-0.302577,-0.104788
2.24639,-0.41756,-0.119745
2.23093,-0.302823,-0.0523886
2.23065,-0.20065,-0.0390934
2.23911,-0.424704,-0.0663264
2.23437,-0.311635,0
2.25926,-0.544068,-0.0270539
2.22347,-0.310114,-0.349269
2.24788,-0.426367,-0.0132977
2.22546,-0.310392,-0.242039
2.24576,-0.540817,-0.21563
2.24565,-0.313208,0.0527608
2.23288,-0.311427,-0.15765
2.24047,-0.424961,-0.186162
2.22208,-0.199879,0.0649301
2.25544,-0.4278,0.0400707
2.22245,-0.199912,-0.143009
2.2517,-0.542249,-0.134883
2.24246,-0.312763,0.131859
2.24606,-0.426021,0.0931383
2.23195,-0.311297,-0.104974
2.24484,-0.42579,-0.119745
2.22118,-0.199798,-0.0908587
2.24169,-0.312655,-0.0526678
2.22596,-0.208063,-0.0390236
2.23369,-0.431759,-0.0662101
2.23723,-0.319999,0
2.25734,-0.551951,-0.0270539
2.21846,-0.317314,-0.348654
2.23623,-0.432249,-0.289912
2.21829,-0.207347,0.0129489
2.24245,-0.433452,-0.0132744
2.22043,-0.317595,-0.241611
2.24454,-0.321045,0.0527608
2.25734,-0.551951,0.0270539
2.23897,-0.432779,-0.186162
2.25,-0.434912,0.0400009
2.22174,-0.207669,-0.143009
2.25368,-0.551054,-0.135115
2.24135,-0.320588,0.131859
2.24456,-0.433859,0.0931383
2.23481,-0.319652,-0.10516
2.23942,-0.432866,-0.119535
2.22843,-0.208294,-0.0911843
2.23663,-0.319912,-0.0525747
2.22525,-0.215444,-0.0390236
2.24009,-0.440707,-0.0664428
2.23616,-0.327416,0
2.26326,-0.561359,-0.027147
2.2174,-0.324669,-0.348654
2.23479,-0.439663,-0.289912
2.22157,-0.215087,0.0129722
2.2567,-0.443975,-0.0133674
2.22723,-0.326109,-0.242468
2.24742,-0.329065,0.0528539
2.24535,-0.441741,-0.186813
2.22067,-0.215,0.0649301
2.24855,-0.442371,0.0400009
2.21706,-0.214651,-0.142753
2.24796,-0.557563,-0.134883
2.24423,-0.328598,0.132092
2.24311,-0.4413,0.0931383
2.23374,-0.327061,-0.10516
2.24973,-0.442603,-0.120163
2.22773,-0.215683,-0.0911843
2.2316,-0.326748,-0.0524816
2.23245,-0.224009,-0.0391632
2.24246,-0.449309,-0.0665591
2.24291,-0.336406,0
2.26129,-0.569256,-0.027147
2.21625,-0.332407,-0.348654
2.24102,-0.44902,-0.290922
2.22877,-0.22364,0.0130187
2.25122,-0.451064,-0.0133442
2.22608,-0.333881,-0.242468
2.25021,-0.337501,0.0529469
2.23745,-0.335587,-0.158208
2.2477,-0.450359,-0.187138
2.22389,-0.223149,0.0650464
2.25091,-0.451002,0.0400707
2.22424,-0.223185,-0.143265
2.25375,-0.567357,-0.135348
2.24307,-0.336429,0.132092
2.24547,-0.449912,0.0933011
2.24048,-0.336042,-0.105533
2.24817,-0.450453,-0.120163
2.2344,-0.335129,-0.0525747
2.23161,-0.232189,-0.0391632
2.2408,-0.457525,-0.0665591
2.23376,-0.343409,0
2.26694,-0.579521,-0.0272401
2.22674,-0.34233,-0.350499
2.23191,-0.232221,0.0130419
2.25347,-0.460112,-0.0133674
2.22877,-0.342642,-0.242896
2.22305,-0.231299,0.0650464
2.24924,-0.459249,0.0400707
2.22341,-0.231336,-0.143265
2.25552,-0.576602,-0.13558
2.24577,-0.345255,0.132324
2.24772,-0.458939,0.0934639
2.23924,-0.344251,-0.105533
2.25042,-0.459489,-0.120373
2.2371,-0.343924,-0.0526678
2.24319,-0.465766,-0.0666755
2.23656,-0.351435,0
2.25726,-0.585029,-0.027147
2.22559,-0.349712,-0.350499
2.25585,-0.468395,-0.0133907
2.23155,-0.350649,-0.243325
2.23899,-0.351818,-0.158487
2.2484,-0.46685,-0.187464
2.22227,-0.23867,0.0650464
2.25946,-0.469145,0.0402802
2.2536,-0.584079,-0.13558
2.24855,-0.35332,0.132557
2.23808,-0.351675,-0.105533
2.24888,-0.466949,-0.120373
2.23595,-0.35134,-0.0526678
2.23391,-0.248205,-0.039233
2.23755,-0.473158,-0.0665591
2.24315,-0.360901,0
2.25897,-0.594316,-0.0271936
2.22429,-0.357867,-0.350499
2.23223,-0.472032,-0.290417
2.23024,-0.247797,0.0130419
2.25803,-0.477488,-0.0134139
2.23418,-0.359457,-0.243753
2.25044,-0.362074,0.05304
2.25058,-0.475913,-0.187789
2.22536,-0.247254,0.0651628
2.26163,-0.478251,0.04035
2.22174,-0.246853,-0.143265
2.25916,-0.594366,-0.136045
2.25119,-0.362194,0.13279
2.25106,-0.476015,-0.120582
2.22843,-0.247596,-0.0913472
2.23465,-0.359533,-0.0526678
2.2437,-0.482647,-0.0667919
2.23793,-0.36808,0
2.22539,-0.255125,0.0130187
2.25244,-0.484526,-0.0133907
2.22899,-0.366608,-0.243325
2.24036,-0.368478,-0.158766
2.24501,-0.482927,-0.187464
2.22845,-0.255476,0.0652792
2.25213,-0.48446,0.0402103
2.22483,-0.255061,-0.143521
2.24936,-0.60019,-0.13558
2.24597,-0.369402,0.132557
2.23945,-0.36833,-0.105719
2.24548,-0.48303,-0.120373
2.24522,-0.369278,-0.0529469
2.23614,-0.263873,-0.0393028
2.24209,-0.490085,-0.0667919
2.24064,-0.376161,0
2.21791,-0.372344,-0.349884
2.22453,-0.262503,0.0130187
2.25863,-0.493701,-0.0134371
2.22776,-0.373998,-0.243325
2.24793,-0.377384,0.05304
2.23912,-0.375906,-0.158766
2.24729,-0.491221,-0.187789
2.22759,-0.262865,0.0652792
2.25833,-0.493634,0.04035
2.22794,-0.262905,-0.143777
2.25121,-0.608688,-0.135813
2.24473,-0.376847,0.132557
2.23822,-0.375754,-0.105719
2.25167,-0.492179,-0.120791
2.23609,-0.375398,-0.0527608
2.23521,-0.271677,-0.0393028
2.24037,-0.497908,-0.0667919
2.23932,-0.38398,0
2.22439,-0.38142,-0.351113
2.2236,-0.270266,0.0130187
2.25299,-0.500714,-0.0134139
2.22252,-0.3811,-0.242896
2.25054,-0.385904,0.053133
2.2378,-0.383719,-0.158766
2.25334,-0.500792,-0.18844
2.22666,-0.270639,0.0652792
2.24878,-0.499778,0.0402103
2.23097,-0.271162,-0.144032
2.24734,-0.385356,0.13279
2.23689,-0.383565,-0.105719
2.24604,-0.49917,-0.120582
2.24265,-0.384552,-0.0529469
2.23821,-0.279974,-0.0393726
2.24252,-0.506607,-0.0669082
2.2419,-0.392485,0
2.21915,-0.388501,-0.350499
2.23058,-0.279019,0.0130652
2.25903,-0.510338,-0.0134604
2.23293,-0.390913,-0.244181
2.24037,-0.392217,-0.159045
2.25158,-0.508655,-0.18844
2.22571,-0.27841,0.0652792
2.25873,-0.510269,0.0404198
2.23001,-0.278948,-0.144032
2.24598,-0.393198,0.13279
2.24341,-0.392749,-0.106091
2.24818,-0.507887,-0.120791
2.23273,-0.279289,-0.0916728
2.24524,-0.393068,-0.05304
2.24844,-0.516613,-0.067141
2.24439,-0.401403,0
2.22549,-0.398023,-0.351728
2.23351,-0.287704,0.0130884
2.25715,-0.518614,-0.0134604
2.23539,-0.399795,-0.24461
2.23892,-0.400425,-0.159045
2.24582,-0.516011,-0.188115
2.22864,-0.287076,0.0653955
2.25294,-0.517649,0.04035
2.22897,-0.28712,-0.144032
2.25631,-0.403536,0.133487
2.24196,-0.400968,-0.106091
2.2502,-0.517018,-0.121001
2.23566,-0.287981,-0.0918356
2.24772,-0.401999,-0.053133
2.24012,-0.296508,-0.0394424
2.24662,-0.524458,-0.067141
2.24297,-0.409235,0
2.23186,-0.407208,-0.352958
2.23646,-0.296024,0.0131117
2.25922,-0.5274,-0.0134836
2.23007,-0.406881,-0.244181
2.24536,-0.409671,-0.159603
2.25177,-0.52566,-0.188766
2.22762,-0.294854,0.0653955
2.23191,-0.295422,-0.144288
2.25096,-0.410693,0.133255
2.24841,-0.410226,-0.106463
2.25227,-0.525778,-0.12121
2.23464,-0.295783,-0.0918356
2.24237,-0.409124,-0.05304
2.24153,-0.417062,0
2.23145,-0.30329,0.0130884
2.25736,-0.535282,-0.0134836
2.22864,-0.414663,-0.244181
2.25665,-0.419875,0.0534122
2.23999,-0.416776,-0.159324
2.24992,-0.533517,-0.188766
2.23054,-0.303166,0.0655119
2.23087,-0.303211,-0.144288
2.24696,-0.418072,-0.106463
2.25431,-0.534558,-0.121419
2.24092,-0.416949,-0.05304
2.24201,-0.312301,-0.0395123
2.24014,-0.424493,0
2.23439,-0.31124,0.0131117
2.25558,-0.542765,-0.0134836
2.23116,-0.422792,-0.24461
2.25524,-0.427356,0.0534122
2.2386,-0.424202,-0.159324
2.25201,-0.541907,-0.189091
2.23744,-0.311665,0.0657446
2.22985,-0.310608,-0.144288
2.24419,-0.425262,0.133022
2.24163,-0.424777,-0.106277
2.24476,-0.540161,-0.121001
2.24346,-0.425123,-0.053133
2.24085,-0.320516,-0.0395123
2.24249,-0.43346,0
2.23323,-0.319427,0.0131117
2.26134,-0.552929,-0.0135301
2.2374,-0.432476,-0.245466
2.23703,-0.432404,-0.159324
2.25388,-0.551105,-0.189416
2.23628,-0.319863,0.0657446
2.2366,-0.319909,-0.1448
2.24006,-0.43299,-0.106277
2.25052,-0.550283,-0.121419
2.23933,-0.320299,-0.0921613
2.24581,-0.434101,-0.0532261
2.24703,-0.556917,-0.0673737
2.24112,-0.440503,0
2.24409,-0.328178,0.0131814
2.26736,-0.561955,-0.0135766
2.23994,-0.44027,-0.245895
2.26013,-0.44424,0.0535983
2.24741,-0.441738,-0.160161
2.25214,-0.558183,-0.189416
2.23922,-0.327466,0.065861
2.23164,-0.326356,-0.144544
2.24261,-0.440796,-0.106463
2.25654,-0.559272,-0.121838
2.23832,-0.327333,-0.0921613
2.24836,-0.441926,-0.0533191
2.25283,-0.566708,-0.0676064
2.24349,-0.449108,0
2.23502,-0.334824,0.0131349
2.26151,-0.56889,-0.0135534
2.22669,-0.445744,-0.24461
2.24194,-0.448797,-0.159882
2.24202,-0.335872,0.0659773
2.23443,-0.334735,-0.1448
2.2489,-0.45019,-0.106835
2.2507,-0.566171,-0.121629
2.24288,-0.448986,-0.0532261
2.24528,-0.34518,-0.0396519
2.24567,-0.458519,0
2.22977,-0.342795,0.0131117
2.25543,-0.576579,-0.0135301
2.22886,-0.455086,-0.245038
2.24411,-0.458201,-0.160161
2.23676,-0.343871,0.065861
2.23313,-0.343312,-0.1448
2.24324,-0.458023,-0.106649
2.25625,-0.576788,-0.122047
2.24898,-0.459195,-0.0534122
2.24418,-0.352232,-0.0396519
2.24813,-0.466384,0
2.23263,-0.350419,0.0131349
2.2352,-0.463702,-0.245895
2.26319,-0.469507,0.0537844
2.24656,-0.466059,-0.16044
2.24357,-0.352136,0.0660937
2.23204,-0.350326,-0.1448
2.2457,-0.465879,-0.106835
2.25442,-0.583873,-0.122047
2.24752,-0.466258,-0.0534122
2.24689,-0.360697,-0.0397217
2.24649,-0.474229,0
2.24324,-0.360112,0.0132047
2.23746,-0.472323,-0.246323
2.26153,-0.477405,0.0537844
2.24102,-0.473074,-0.160161
2.24233,-0.359966,0.0660937
2.23869,-0.359381,-0.145312
2.25188,-0.475366,-0.107208
2.24851,-0.590724,-0.121838
2.25762,-0.476579,-0.0536913
2.24482,-0.482068,0
2.23802,-0.367292,0.0131814
2.23191,-0.479295,-0.245895
2.26376,-0.486135,0.0538774
2.24716,-0.482569,-0.160719
2.23711,-0.367143,0.0659773
2.23742,-0.367193,-0.145312
2.2463,-0.482385,-0.107022
2.25415,-0.600626,-0.122257
2.24409,-0.368289,-0.0926498
2.25594,-0.484456,-0.0536913
2.24826,-0.377036,-0.0397915
2.25094,-0.491608,0
2.24067,-0.375764,0.0132047
2.26596,-0.494888,0.0539705
2.24936,-0.491262,-0.160998
2.24371,-0.376273,0.0662101
2.23612,-0.375001,-0.145312
2.25241,-0.491928,-0.107394
2.25204,-0.608491,-0.122257
2.25424,-0.492328,-0.0536913
2.24686,-0.385274,-0.0397915
2.24912,-0.499855,0
2.24322,-0.38465,0.0132279
2.23231,-0.496117,-0.246323
2.26023,-0.502322,0.0538774
2.25144,-0.500368,-0.161277
2.24625,-0.385169,0.0663264
2.23867,-0.383869,-0.145567
2.24279,-0.498446,-0.107022
2.25365,-0.617797,-0.122466
2.24534,-0.385013,-0.0928126
2.25242,-0.500587,-0.0536913
2.24944,-0.393804,-0.0398613
2.24187,-0.392478,0.0132279
2.23444,-0.504782,-0.246752
2.25456,-0.509327,0.0537844
2.24189,-0.506466,-0.160719
2.24489,-0.393008,0.0663264
2.24125,-0.392369,-0.145823
2.24493,-0.507153,-0.107208
2.25918,-0.627799,-0.122885
2.24792,-0.393538,-0.0929754
2.25456,-0.509327,-0.0537844
2.25199,-0.402357,-0.0399311
2.24558,-0.515544,0
2.24442,-0.401005,0.0132512
2.244,-0.515181,-0.160998
2.24744,-0.401545,0.0664428
2.24379,-0.400892,-0.146079
2.25094,-0.516774,-0.10758
2.2426,-0.400679,-0.0928126
2.25667,-0.518089,-0.0538774
2.25072,-0.40943,-0.0399311
2.25564,-0.525318,0
2.24315,-0.408054,0.0132512
2.24626,-0.523133,-0.161277
2.24617,-0.408603,0.0664428
2.24645,-0.408654,-0.146335
2.25319,-0.524749,-0.107766
2.24919,-0.409153,-0.0931383
2.25892,-0.526083,-0.0539705
2.24913,-0.418069,-0.0399311
2.24971,-0.533053,0
2.24157,-0.416664,0.0132512
2.24035,-0.530834,-0.160998
2.24852,-0.417956,0.0665591
2.24094,-0.416547,-0.146079
2.25894,-0.535239,-0.108138
2.2476,-0.417786,-0.0931383
2.25299,-0.533831,-0.0538774
2.24803,-0.540118,0
2.24025,-0.423704,0.0132512
2.24643,-0.539735,-0.161556
2.24719,-0.425018,0.0665591
2.24746,-0.425069,-0.146591
2.24948,-0.540466,-0.107766
2.25021,-0.425588,-0.0933011
2.25519,-0.54184,-0.0539705
2.25023,-0.433733,-0.0400009
2.25001,-0.54891,0
2.24268,-0.432278,0.0132744
2.24453,-0.547573,-0.161556
2.25355,-0.434373,0.0667919
2.24597,-0.432911,-0.146591
2.24758,-0.548315,-0.107766
2.25329,-0.549709,-0.0539705
2.25255,-0.442749,-0.0400707
2.24893,-0.442038,0.0133209
2.24638,-0.556756,-0.161835
2.24802,-0.441858,0.0666755
2.24828,-0.44191,-0.146847
2.24943,-0.557511,-0.107952
2.25103,-0.44245,-0.0934639
2.25126,-0.557964,-0.0539705
2.26164,-0.568505,0
2.24745,-0.449493,0.0133209
2.24839,-0.565175,-0.162114
2.25046,-0.450095,0.0667919
2.24289,-0.44858,-0.146591
2.24955,-0.449912,-0.0934639
2.25715,-0.567376,-0.0541566
2.25732,-0.459668,-0.0402103
2.25027,-0.574006,-0.162393
2.25279,-0.458745,0.0669082
2.24522,-0.457204,-0.146847
2.2572,-0.575772,-0.108511
2.25188,-0.458559,-0.0936268
2.25516,-0.575252,-0.0541566
2.25562,-0.467938,-0.0402103
2.2481,-0.466377,0.0133442
2.25588,-0.584251,-0.162951
2.2511,-0.466999,0.0669082
2.24353,-0.46543,-0.146847
2.24734,-0.582037,-0.108138
2.25303,-0.583513,-0.0541566
2.25406,-0.475415,-0.0402103
2.25736,-0.476112,0.067141
2.24588,-0.473691,-0.147102
2.25495,-0.591997,-0.0542496
2.26021,-0.484959,-0.04035
2.2566,-0.484185,0.0134139
2.25177,-0.48315,0.0670246
2.25202,-0.483202,-0.147614
2.25477,-0.483792,-0.0939524
2.25674,-0.600894,-0.0543427
2.25498,-0.491666,0.0134139
2.2426,-0.488967,-0.147102
2.24904,-0.606839,-0.108511
2.25315,-0.491267,-0.0939524
2.25859,-0.609416,-0.0544357
2.25685,-0.500332,-0.04035
2.24935,-0.498668,0.0133907
2.24478,-0.497656,-0.147358
2.25077,-0.61574,-0.108697
2.25142,-0.499128,-0.0939524
2.255,-0.508601,-0.04035
2.24751,-0.506909,0.0133907
2.24684,-0.506758,-0.147614
2.25738,-0.509136,-0.0942781
2.26101,-0.518256,-0.0404896
2.25352,-0.516539,0.0134371
2.24505,-0.514598,-0.147614
2.25948,-0.517905,-0.0944409
2.26308,-0.527052,-0.0405594
2.2556,-0.525309,0.0134604
2.25102,-0.524243,-0.148126
2.25743,-0.533634,-0.0404896
2.25774,-0.533706,0.0134836
2.25315,-0.532623,-0.148382
2.25944,-0.542444,-0.0405594
2.25197,-0.54065,0.0134604
2.25128,-0.540484,-0.148382
2.25403,-0.541144,-0.0944409
2.26133,-0.55167,-0.0406292
2.25316,-0.549678,-0.148637
2.25591,-0.550349,-0.0946037
2.26725,-0.561087,-0.0407688
2.25133,-0.557147,-0.148637
2.26183,-0.559747,-0.0949294
2.26528,-0.568998,-0.0407688
2.25324,-0.565975,-0.148893
2.25599,-0.566666,-0.0947666
2.2594,-0.575914,-0.040699
2.24738,-0.57285,-0.148637
2.254,-0.574537,-0.0947666
2.25738,-0.583797,-0.040699
2.24923,-0.581691,-0.148893
2.25585,-0.583402,-0.0949294
2.25919,-0.592688,-0.0407688
2.25491,-0.591565,-0.149405
2.25766,-0.592287,-0.0950922
2.25722,-0.600177,-0.0407688
2.26341,-0.601825,-0.0954179
2.25358,-0.607641,-0.0950922
2.25145,-0.615504,-0.0950922
2.25853,-0.634843,-0.0955807
2.2641,-0.644518,-0.0959064
