2.07768,0.770209,-0.0257966
2.0766,0.761574,-0.0257501
2.07912,0.754683,-0.0257501
2.08174,0.747422,-0.0257501
2.08057,0.738812,-0.0257035
2.08811,0.741489,0.0257966
2.08691,0.73287,-0.0257501
2.0936,0.727022,-0.129069
2.09197,0.718282,-0.0257501
2.09825,0.712262,-0.0257966
2.09863,0.712389,-0.129069
2.09681,0.704027,-0.0257501
2.10293,0.69833,-0.0257966
2.09952,0.697196,-0.128836
2.0649,0.790573,-0.0643483
2.1018,0.689004,-0.0257501
2.1018,0.689004,0.0257501
2.10597,0.690373,-0.129069
2.10419,0.681663,-0.0257501
2.10837,0.683017,-0.129069
2.11025,0.675903,-0.0257966
2.11062,0.676024,-0.129069
2.07279,0.76963,-0.0643483
2.10866,0.667693,0.0257501
2.12047,0.671431,-0.129534
2.07935,0.763406,-0.0644646
2.1111,0.65996,0.0257501
2.12292,0.663654,-0.129534
2.08187,0.756505,-0.0644646
2.1171,0.654136,-0.0257966
2.08272,0.756813,-0.0128792
2.1171,0.654136,0.0257966
2.11366,0.653073,-0.128836
2.11937,0.646743,-0.0257966
2.08535,0.74954,-0.0128792
2.12356,0.648024,-0.129301
2.08334,0.740614,-0.0643483
2.12161,0.639341,-0.0257966
2.08795,0.742255,-0.0128792
2.12782,0.641213,-0.207451
2.12581,0.640607,-0.129301
2.08968,0.734664,-0.0644646
2.12766,0.633072,-0.0258432
2.09053,0.734963,-0.0128792
2.13005,0.633782,-0.207451
2.12421,0.632044,-0.129069
2.09524,0.736618,-0.116395
2.08468,0.724739,-0.0642319
2.09308,0.727661,-0.0128792
2.0978,0.729299,-0.116395
2.09489,0.719692,-0.0644646
2.1283,0.616717,-0.0257966
2.09952,0.721284,-0.0129024
2.1283,0.616717,0.0257966
2.13635,0.61905,-0.129534
2.08957,0.710532,-0.0642319
2.13022,0.610027,-0.0257966
2.09799,0.713397,-0.0128792
2.13646,0.611814,-0.207451
2.13022,0.610027,0.0257966
2.10149,0.714587,0.0387443
2.13444,0.611236,-0.129301
2.09893,0.713717,-0.116186
2.09216,0.702868,-0.0642319
2.13245,0.602215,-0.0257966
2.10438,0.706976,-0.0129024
2.09651,0.704333,0.0386047
2.14051,0.604493,-0.129534
2.10153,0.706019,-0.116186
2.07053,0.810182,-0.0517372
2.09851,0.696455,-0.0643483
2.13464,0.594396,-0.0257966
2.09937,0.696739,-0.012856
2.09908,0.696644,0.0386047
2.14271,0.596644,-0.129534
2.10411,0.698312,-0.116186
2.09713,0.687879,-0.0642319
2.14056,0.588,-0.0258432
2.10559,0.690652,-0.0128792
2.14056,0.588,0.0258432
2.14478,0.589161,-0.129534
2.14626,0.58232,-0.0258898
2.10774,0.684034,-0.0128792
2.10746,0.683942,0.0386745
2.14277,0.581374,-0.129301
2.11249,0.685575,-0.116395
2.06755,0.784562,-0.0514581
2.10569,0.674442,-0.0643483
2.11036,0.675937,-0.0128792
2.14461,0.573043,0.0258432
2.10626,0.674625,0.0386047
2.14499,0.573143,-0.129301
2.11511,0.677459,-0.116395
2.0668,0.775214,-0.051365
2.15047,0.566573,-0.0258898
2.11652,0.669773,-0.0129024
2.15286,0.567202,-0.207823
2.11623,0.669683,0.0387443
2.15856,0.568705,-0.129999
2.11746,0.670072,-0.116395
2.0695,0.767995,-0.051365
2.14836,0.558806,-0.0258432
2.12243,0.664315,-0.0129257
2.15848,0.561438,-0.208195
2.11923,0.663314,-0.18128
2.16033,0.56192,-0.129999
2.12337,0.664609,-0.116605
2.07565,0.762869,-0.0514581
2.11634,0.653904,-0.0644646
2.1504,0.550929,-0.0258432
2.12485,0.656532,-0.0129257
2.15667,0.552535,-0.207823
2.15427,0.551922,0.0258898
2.11692,0.654082,0.0386745
2.07674,0.754642,-0.102927
2.12579,0.656822,-0.116605
2.07467,0.753891,-0.051365
2.11479,0.645345,-0.0643483
2.15231,0.543419,-0.0258432
2.12713,0.64911,-0.0129257
2.15619,0.544398,0.0258898
2.11919,0.646688,0.0386745
2.16043,0.545469,-0.129766
2.12425,0.648232,-0.116395
2.08106,0.747996,-0.0514581
2.08799,0.742268,0
2.15807,0.536869,-0.0258898
2.12938,0.641682,-0.0129257
2.16047,0.537465,-0.207823
2.16195,0.537834,0.0259363
2.12526,0.640441,0.0387443
2.16619,0.538889,-0.129999
2.07989,0.739388,-0.051365
2.16761,0.531614,-0.0259829
2.1315,0.634616,-0.0129257
2.16998,0.532195,-0.208567
2.15984,0.529709,0.0258898
2.13211,0.634798,-0.181606
2.12737,0.633389,0.0387443
2.16797,0.531702,-0.129999
2.08817,0.734543,-0.103113
2.12861,0.633757,-0.116395
2.0861,0.733813,-0.0514581
2.13764,0.627927,-0.0129489
2.16804,0.523304,-0.208195
2.16566,0.522728,0.0259363
2.13442,0.62698,-0.181606
2.13352,0.626715,0.0388142
2.16602,0.522816,-0.129766
2.0984,0.729509,-0.103485
2.085,0.72485,-0.051365
2.09161,0.719792,0
2.1634,0.514995,-0.0258898
2.13961,0.621208,-0.0129489
2.13638,0.620271,-0.181606
2.13164,0.618894,0.0387443
2.17154,0.516933,-0.129999
2.13671,0.620367,-0.116605
2.08727,0.718296,-0.051365
2.17306,0.508886,-0.0259829
2.13802,0.612261,-0.0129257
2.13864,0.612437,-0.181606
2.13389,0.611077,0.0387443
2.17342,0.508971,-0.129999
2.13897,0.612532,-0.116605
2.09671,0.704806,0
2.17482,0.501297,-0.0259829
2.144,0.605882,-0.0129489
2.17332,0.50095,-0.208195
2.17482,0.501297,0.0259829
2.14076,0.604967,-0.181606
2.14371,0.6058,0.038884
2.17907,0.502277,-0.130231
2.10201,0.706589,-0.103299
2.14494,0.606148,-0.116814
2.09235,0.703341,-0.051365
2.09928,0.697117,0
2.18055,0.494207,-0.0260295
2.14053,0.596439,-0.282841
2.1462,0.59802,-0.0129489
2.17902,0.493862,-0.208567
2.13821,0.595792,0.0387443
2.18479,0.49517,-0.130464
2.10459,0.69888,-0.103299
2.13945,0.596138,-0.116395
2.09871,0.696928,-0.0514581
2.10146,0.690519,0
2.17428,0.485611,-0.0259363
2.14807,0.591275,-0.0129489
2.18056,0.487015,-0.208567
2.10392,0.691328,-0.154859
2.14483,0.590382,-0.181606
2.14392,0.590133,0.0388142
2.17854,0.486564,-0.129999
2.10677,0.692265,-0.103299
2.14516,0.590474,-0.116605
2.07513,0.787855,-0.0387443
2.14153,0.58144,-0.064581
2.10766,0.684414,0
2.18377,0.479735,-0.0260295
2.15398,0.584821,-0.0129722
2.10632,0.683979,-0.154859
2.14688,0.582891,-0.181606
2.14211,0.581598,0.0387443
2.18803,0.480669,-0.130464
2.11298,0.686141,-0.103485
2.14721,0.582982,-0.116605
2.10329,0.682994,-0.0514581
2.07426,0.778839,-0.0386745
2.14751,0.574621,-0.0646974
2.11396,0.677906,0
2.18161,0.470884,-0.0259829
2.15039,0.575391,-0.283346
2.15225,0.575888,-0.0129489
2.10958,0.676502,0.0515511
2.18161,0.470884,0.0259829
2.10881,0.676255,-0.154859
2.15285,0.57605,-0.181931
2.15196,0.57581,0.038884
2.18587,0.471804,-0.130231
2.11548,0.678392,-0.103485
2.14933,0.575109,-0.116605
2.07697,0.771593,-0.0386745
2.1125,0.669314,0
2.19106,0.464926,-0.026076
2.15239,0.567881,-0.283346
2.15038,0.567351,-0.0129257
2.11116,0.668889,-0.154859
2.15782,0.569315,0.0389538
2.19532,0.465829,-0.130697
2.11022,0.668589,-0.103113
2.15905,0.56964,-0.117023
2.07965,0.764339,-0.0386745
2.1476,0.558608,-0.064581
2.11483,0.661937,0
2.19267,0.457275,-0.026076
2.16009,0.561856,-0.0129722
2.11348,0.661516,-0.154859
2.15592,0.560773,0.038884
2.19302,0.457348,-0.130464
2.11635,0.662413,-0.103299
2.15716,0.561095,-0.116814
2.08593,0.758806,-0.0387443
2.15331,0.552477,-0.0646974
2.11319,0.653738,0
2.16581,0.555684,-0.0129954
2.19263,0.449685,-0.208938
2.11948,0.655684,-0.155138
2.15867,0.553851,-0.181931
2.16164,0.554615,0.0389538
2.20235,0.451678,-0.130929
2.12235,0.656573,-0.103485
2.16288,0.554932,-0.117023
2.07325,0.754194,-0.0898817
2.12026,0.655925,-0.0516442
2.0887,0.751155,-0.0387443
2.1592,0.54556,-0.0648137
2.11557,0.645988,0
2.19581,0.441956,-0.026076
2.15821,0.545311,-0.283346
2.16396,0.546762,-0.0129722
2.19817,0.44243,-0.20931
2.11882,0.646981,0.0515511
2.12187,0.64791,-0.155138
2.15682,0.544958,-0.181606
2.15979,0.545708,0.038884
2.20399,0.443602,-0.130929
2.12345,0.648394,0.129301
2.12857,0.649956,-0.103671
2.1649,0.547,-0.117023
2.076,0.746589,-0.0898817
2.12647,0.649317,-0.0517372
2.08741,0.742884,-0.0386745
2.161,0.538397,-0.0648137
2.12536,0.64128,0
2.19727,0.434673,-0.026076
2.16576,0.539583,-0.0129722
2.12479,0.641107,0.0516442
2.19727,0.434673,0.026076
2.124,0.640871,-0.155138
2.16635,0.539731,-0.182256
2.16158,0.538543,0.038884
2.19762,0.434742,-0.130464
2.13071,0.642894,-0.103671
2.1667,0.539819,-0.117023
2.08223,0.741041,-0.0900445
2.11713,0.638797,-0.0514581
2.08622,0.734265,-0.0386047
2.12375,0.632715,0
2.19877,0.427,-0.026076
2.16573,0.531554,-0.283851
2.16763,0.53202,-0.0129722
2.20113,0.427458,-0.20931
2.12623,0.633452,-0.155138
2.16733,0.531947,0.0389538
2.20696,0.42859,-0.130929
2.12911,0.634311,-0.103485
2.08104,0.732441,-0.0898817
2.12318,0.632544,-0.0515511
2.0889,0.726614,-0.0386047
2.16868,0.523859,-0.0649301
2.1299,0.626055,0
2.21211,0.421183,-0.0262157
2.17734,0.52595,-0.0130187
2.13291,0.626941,-0.239469
2.20659,0.420133,-0.209682
2.20032,0.418938,0.026076
2.12471,0.62453,-0.154859
2.16927,0.524001,0.0389538
2.21244,0.421246,-0.131162
2.13142,0.626504,-0.103485
2.16663,0.523362,-0.116814
2.08748,0.726122,-0.0900445
2.12932,0.625886,-0.0516442
2.09508,0.720984,-0.0386745
2.17041,0.516664,-0.0649301
2.12812,0.617873,0
2.2017,0.411639,-0.026076
2.17907,0.518726,-0.0130187
2.21189,0.413544,-0.210054
2.20563,0.412374,0.0261226
2.12677,0.61748,-0.154859
2.16801,0.516092,-0.181931
2.171,0.516804,0.0389538
2.21382,0.413906,-0.131162
2.14116,0.62166,-0.103857
2.16835,0.516174,-0.116814
2.0861,0.717895,-0.0898817
2.13138,0.618821,-0.0516442
2.10137,0.714954,-0.0387443
2.1683,0.508171,-0.0648137
2.13411,0.611542,0
2.21099,0.405393,-0.0261692
2.17118,0.508845,-0.283851
2.18087,0.511116,-0.0130187
2.1333,0.611311,-0.239041
2.2094,0.405102,-0.209682
2.12891,0.610052,-0.154859
2.16889,0.508309,0.038884
2.09738,0.713598,-0.141986
2.21133,0.405455,-0.130929
2.13564,0.61198,-0.103485
2.17792,0.510424,-0.117233
2.08859,0.710608,-0.0898817
2.13353,0.611376,-0.0516442
2.09627,0.705066,-0.0386047
2.18175,0.503297,-0.0651628
2.13623,0.60409,0
2.21239,0.397674,-0.0261692
2.17681,0.502156,-0.284356
2.17874,0.502603,-0.0129954
2.1316,0.60278,-0.238612
2.21864,0.398798,-0.210425
2.1395,0.605015,0.0517372
2.21239,0.397674,0.0261692
2.13487,0.603705,-0.155138
2.17845,0.502535,0.0390236
2.09986,0.706274,-0.141986
2.21666,0.398441,-0.131162
2.17308,0.501296,0.0908587
2.09485,0.704588,-0.0900445
2.1318,0.602839,-0.0515511
2.10251,0.699005,-0.0386745
2.1757,0.493908,-0.0649301
2.13832,0.596629,0
2.21377,0.389949,-0.0261692
2.18048,0.494994,-0.0129954
2.14135,0.597473,-0.239469
2.22002,0.391051,-0.210425
2.13775,0.596468,0.0516442
2.21377,0.389949,0.0261692
2.1408,0.597321,-0.155417
2.18019,0.494927,0.0390236
2.09474,0.696421,-0.141474
2.21804,0.390701,-0.131162
2.14371,0.598131,-0.103671
2.0973,0.697271,-0.0900445
2.13775,0.596468,-0.0516442
2.11242,0.694527,-0.0388142
2.13644,0.588472,0
2.21505,0.382605,-0.0261692
2.1013,0.690873,0.012856
2.18992,0.489505,-0.0130419
2.14332,0.590368,-0.239469
2.22131,0.383686,-0.210425
2.14277,0.590218,-0.155417
2.18572,0.488566,0.0390934
2.10462,0.691964,-0.141986
2.22325,0.384022,-0.131394
2.13797,0.588896,-0.103299
2.17916,0.4871,-0.117023
2.0958,0.689064,-0.0898817
2.13971,0.589375,-0.0516442
2.11114,0.685545,-0.0387443
2.17909,0.478706,-0.0649301
2.14244,0.581686,0
2.21643,0.374484,-0.0261692
2.10382,0.683167,0.012856
2.18779,0.480617,-0.0130187
2.14547,0.582509,-0.239469
2.2227,0.375542,-0.210425
2.22038,0.37515,0.0262157
2.14107,0.581315,-0.155138
2.18836,0.480743,-0.182907
2.1875,0.480552,0.0390934
2.09955,0.68178,-0.141474
2.22858,0.376537,-0.131627
2.15169,0.584197,-0.103857
2.18483,0.479967,-0.117233
2.09831,0.681378,-0.0898817
2.138,0.580481,-0.0515511
2.11352,0.678171,-0.0387443
2.18075,0.471096,-0.0649301
2.14446,0.574204,0
2.22957,0.368702,-0.0263088
2.19728,0.474666,-0.0130652
2.14365,0.573987,-0.239041
2.224,0.367781,-0.210425
2.14388,0.574048,0.0516442
2.22167,0.367397,0.0262157
2.14694,0.574869,-0.155417
2.18613,0.472259,-0.182582
2.18916,0.472913,0.0390934
2.10192,0.674446,-0.141474
2.15371,0.576682,-0.103857
2.1904,0.47318,-0.117442
2.10448,0.67527,-0.0900445
2.14388,0.574048,-0.0516442
2.11195,0.66995,-0.0386745
2.18621,0.464694,-0.0650464
2.15022,0.568111,0
2.22683,0.360668,-0.0262623
2.18904,0.465295,-0.284861
2.10842,0.668831,0.012856
2.19101,0.465714,-0.0130187
2.14554,0.566876,-0.239041
2.23307,0.361678,-0.211169
2.14963,0.567958,0.0517372
2.22683,0.360668,0.0262623
2.14884,0.567747,-0.155417
2.19159,0.465836,-0.182907
2.19072,0.465651,0.0390934
2.10414,0.667473,-0.141474
2.2311,0.361359,-0.131627
2.15948,0.570558,-0.104044
2.19196,0.465915,-0.117442
2.11052,0.669496,-0.0902073
2.14577,0.566936,-0.0516442
2.11809,0.66377,-0.0387443
2.19174,0.457878,-0.0651628
2.15993,0.562619,0
2.23597,0.354144,-0.0263554
2.11456,0.662664,0.0128792
2.20046,0.4597,-0.0130652
2.15135,0.560386,-0.239469
2.23431,0.353881,-0.211169
2.22807,0.352893,0.0262623
2.15467,0.561249,-0.155696
2.19624,0.45882,0.0391632
2.11789,0.663706,-0.142242
2.23629,0.354194,-0.131859
2.14985,0.559996,-0.103485
2.19357,0.458261,-0.117442
2.11284,0.662126,-0.0902073
2.14773,0.559443,-0.0516442
2.12039,0.656372,-0.0387443
2.19332,0.450224,-0.0651628
2.15413,0.553086,0
2.2372,0.346336,-0.0263554
2.11304,0.654095,0.012856
2.20205,0.452016,-0.0130652
2.1533,0.552872,-0.239469
2.23554,0.346079,-0.211169
2.15742,0.553931,0.0518303
2.23324,0.345725,0.0263088
2.15661,0.553724,-0.155696
2.19783,0.45115,0.0391632
2.11256,0.653947,-0.14173
2.23356,0.345774,-0.131627
2.15567,0.553481,-0.103671
2.19907,0.451404,-0.117651
2.11514,0.654746,-0.0902073
2.14967,0.551942,-0.0516442
2.12267,0.648967,-0.0387443
2.1988,0.443356,-0.0652792
2.15605,0.545564,0
2.23048,0.337329,-0.0262623
2.11914,0.647885,0.0128792
2.19969,0.443536,-0.0130419
2.15907,0.546329,-0.239897
2.23279,0.337679,-0.210797
2.15546,0.545416,0.0517372
2.23839,0.338526,0.0263554
2.15853,0.546193,-0.155696
2.20025,0.443649,-0.183233
2.19939,0.443476,0.0391632
2.11865,0.647737,-0.141986
2.24265,0.33917,-0.132092
2.16146,0.546933,-0.103857
2.20455,0.444515,-0.117861
2.15159,0.544435,-0.0516442
2.20033,0.435677,-0.0652792
2.1657,0.53997,0
2.2356,0.330125,-0.0263088
2.16096,0.538788,-0.239897
2.24184,0.331046,-0.211541
2.16123,0.538856,0.0518303
2.2356,0.330125,0.0263088
2.16042,0.538654,-0.155696
2.2057,0.43674,-0.183558
2.19701,0.435019,0.0390934
2.11326,0.638029,-0.141474
2.16335,0.539385,-0.103857
2.20608,0.436816,-0.117861
2.11966,0.639963,-0.0902073
2.15735,0.537889,-0.0517372
2.12715,0.634132,-0.0387443
2.20184,0.427994,-0.0652792
2.16369,0.531453,0
2.24862,0.324031,-0.0264485
2.20462,0.428534,-0.285871
2.20273,0.428168,-0.0130419
2.15897,0.530293,-0.239469
2.16699,0.532263,0.0519233
2.2407,0.32289,0.0263554
2.16229,0.53111,-0.155696
2.20721,0.429038,-0.183558
2.20244,0.428111,0.0391632
2.11929,0.63179,-0.14173
2.24497,0.323505,-0.132092
2.17298,0.533736,-0.10423
2.21152,0.429875,-0.11807
2.12188,0.632561,-0.0902073
2.12168,0.624445,-0.0386047
2.19939,0.419557,-0.0651628
2.1733,0.525779,0
2.24974,0.316181,-0.0264485
2.2061,0.420837,-0.285871
2.21207,0.421976,-0.0130884
2.16467,0.52369,-0.239897
2.24804,0.315942,-0.211912
2.24578,0.315624,0.026402
2.17189,0.525436,-0.156255
2.20869,0.421331,-0.183558
2.20785,0.42117,0.039233
2.12532,0.625515,-0.141986
2.25004,0.316223,-0.132324
2.17095,0.525209,-0.104044
2.213,0.422154,-0.11807
2.12791,0.626279,-0.0903702
2.16106,0.522815,-0.0517372
2.13537,0.620382,-0.0388142
2.2087,0.413348,-0.0653955
2.16734,0.516335,0
2.25479,0.308868,-0.0264951
2.17035,0.517051,-0.240326
2.24913,0.308092,-0.211912
2.16676,0.516195,0.0518303
2.2429,0.307239,0.0263554
2.16983,0.516926,-0.155975
2.21407,0.414352,-0.183884
2.21323,0.414196,0.0393028
2.13132,0.619206,-0.142242
2.25113,0.308366,-0.132324
2.17277,0.517627,-0.104044
2.20661,0.412956,-0.117651
2.12625,0.617732,-0.0902073
2.17065,0.517122,-0.0519233
2.13752,0.612925,-0.0388142
2.21013,0.405636,-0.0653955
2.17303,0.50968,0
2.24792,0.299938,-0.026402
2.16644,0.508134,-0.346194
2.13396,0.611905,0.0129024
2.2189,0.407245,-0.0131117
2.17215,0.509473,-0.240326
2.17244,0.509542,0.0519233
2.24792,0.299938,0.026402
2.1755,0.510261,-0.156255
2.20374,0.404462,-0.182907
2.21467,0.406468,0.0393028
2.13731,0.612863,-0.142497
2.17713,0.510641,0.130231
2.17845,0.510953,-0.10423
2.17244,0.509542,-0.0519233
2.14328,0.607296,-0.038884
2.21533,0.399399,-0.0655119
2.17072,0.501949,0
2.25282,0.29339,-0.0264485
2.16417,0.500435,-0.345579
2.21025,0.398483,-0.285871
2.22017,0.400271,-0.0131117
2.17761,0.503542,-0.240754
2.25112,0.293169,-0.211912
2.17403,0.502714,0.0519233
2.25282,0.29339,0.0264485
2.18098,0.504322,-0.156534
2.21677,0.399658,-0.183884
2.212,0.398798,0.039233
2.1277,0.60288,-0.14173
2.25708,0.293945,-0.132557
2.18394,0.505006,-0.104416
2.22109,0.400438,-0.118279
2.17013,0.501813,-0.0518303
2.13384,0.596581,-0.0386745
2.21277,0.390969,-0.0653955
2.18026,0.496144,0
2.26574,0.287033,-0.0265882
2.17747,0.495508,-0.347424
2.13798,0.597739,0.0129024
2.21761,0.391824,-0.0130884
2.1716,0.494173,-0.239897
2.26003,0.286311,-0.212656
2.18357,0.496897,0.0521094
2.25383,0.285525,0.0264485
2.21815,0.391918,-0.183884
2.22125,0.392466,0.0393726
2.13363,0.596525,-0.141986
2.26206,0.286567,-0.13279
2.174,0.49472,-0.103857
2.22248,0.392683,-0.118279
2.13624,0.597253,-0.0903702
2.14747,0.592318,-0.038884
2.21019,0.38256,-0.0652792
2.18198,0.48853,0
2.26672,0.279122,-0.0265882
2.17533,0.487041,-0.346809
2.22291,0.384762,-0.0131117
2.17331,0.486589,-0.239897
2.26102,0.278419,-0.212656
2.18139,0.488398,0.0520164
2.25879,0.278144,0.0264951
2.22261,0.38471,0.0393726
2.1434,0.591196,-0.142497
2.25908,0.278181,-0.132557
2.18352,0.488874,-0.10423
2.22777,0.385604,-0.118489
2.13446,0.58873,-0.0902073
2.18139,0.488398,-0.0520164
2.14953,0.584819,-0.038884
2.17976,0.480051,0
2.26769,0.271208,-0.0265882
2.18087,0.480295,-0.347424
2.14596,0.583848,0.0129257
2.23213,0.378338,-0.0131582
2.18276,0.480711,-0.240754
2.26198,0.270526,-0.212656
2.18308,0.480781,0.0520164
2.25974,0.270258,0.0264951
2.18225,0.480598,-0.156255
2.23182,0.378286,0.0395123
2.14545,0.583711,-0.142497
2.26797,0.271242,-0.133022
2.22517,0.377158,-0.118279
2.14421,0.583374,-0.090533
2.17918,0.479921,-0.0519233
2.14769,0.576276,-0.0388142
2.22464,0.369085,-0.0656282
2.18925,0.474133,0
2.26464,0.26283,-0.0265417
2.18254,0.47268,-0.347424
2.14412,0.575318,0.0129024
2.23343,0.370544,-0.0131582
2.18832,0.473931,-0.241183
2.25895,0.262169,-0.212284
2.18475,0.473158,0.0520164
2.26464,0.26283,0.0265417
2.18781,0.473822,-0.156534
2.22918,0.369839,0.0394424
2.14362,0.575184,-0.142242
2.18554,0.473331,0.130231
2.19469,0.475311,-0.104602
2.14624,0.575886,-0.090533
2.18084,0.472311,-0.0519233
2.15752,0.570445,-0.0389538
2.23387,0.362208,-0.065861
2.19097,0.466105,0
2.26957,0.254974,-0.0265882
2.18039,0.463854,-0.346809
2.22868,0.361366,-0.287386
2.14621,0.567455,0.0129024
2.23872,0.362995,-0.0131814
2.18615,0.465079,-0.240754
2.26781,0.254777,-0.213028
2.19038,0.465979,0.0521094
2.26162,0.254081,0.0264951
2.19344,0.46663,-0.156813
2.23447,0.362306,0.0395123
2.14571,0.567323,-0.142242
2.19641,0.467263,-0.104602
2.23569,0.362504,-0.118698
2.18255,0.464315,-0.0519233
2.15166,0.561269,-0.0388142
2.23111,0.354172,-0.0657446
2.1925,0.458837,0
2.27835,0.248314,-0.0266814
2.18578,0.457431,-0.347424
2.15195,0.561345,0.0129257
2.23201,0.354316,-0.0131349
2.18379,0.457013,-0.240326
2.2726,0.247687,-0.2134
2.19582,0.459532,0.0522025
2.2704,0.247447,0.0265882
2.19497,0.459354,-0.156813
2.23171,0.354268,0.0394424
2.15531,0.56222,-0.142753
2.27465,0.247911,-0.133255
2.23688,0.355089,-0.118698
2.14634,0.55988,-0.0903702
2.15748,0.55475,-0.038884
2.20193,0.452792,0
2.27523,0.239939,-0.0266348
2.1835,0.449002,-0.346809
2.1539,0.553829,0.0129257
2.23719,0.347135,-0.0131582
2.18926,0.450188,-0.240754
2.27742,0.24017,-0.213771
2.27921,0.240359,0.0266814
2.19656,0.451689,-0.156813
2.23689,0.347088,0.0395123
2.15339,0.553698,-0.142497
2.27153,0.23955,-0.133022
2.19171,0.450692,-0.10423
2.23811,0.347278,-0.118698
2.15989,0.55537,-0.0908587
2.1935,0.451058,-0.0521094
2.1594,0.547216,-0.038884
2.28799,0.233213,-0.0267745
2.1928,0.442943,-0.348039
2.24234,0.339924,-0.0131814
2.19472,0.443331,-0.241183
2.27032,0.231411,-0.213028
2.19898,0.444191,0.0522025
2.28003,0.232402,0.0266814
2.1903,0.442439,-0.156255
2.24599,0.340477,0.0396519
2.15918,0.547159,-0.142753
2.2803,0.232429,-0.133487
2.19585,0.44356,0.130464
2.20111,0.444621,-0.104602
2.23931,0.339464,-0.118698
2.15794,0.546846,-0.0906958
2.19506,0.443399,-0.0521094
2.16906,0.541612,-0.0390236
2.23074,0.330202,-0.0656282
2.20111,0.43663,0
2.28879,0.225224,-0.0267745
2.18658,0.433747,-0.346809
2.16159,0.539747,0.0129489
2.24747,0.33268,-0.0132047
2.19625,0.435667,-0.241183
2.27904,0.224265,-0.213771
2.20444,0.43729,0.0522955
2.28083,0.224441,0.0266814
2.19966,0.436343,-0.156813
2.24717,0.332634,0.0396519
2.16108,0.539618,-0.142753
2.28507,0.224859,-0.13372
2.2013,0.436669,0.130697
2.20657,0.437712,-0.104788
2.24443,0.332229,-0.118907
2.15984,0.539309,-0.0906958
2.19659,0.435734,-0.0521094
2.17094,0.534037,-0.0390236
2.23979,0.323556,-0.065861
2.1987,0.428179,0
2.29354,0.217611,-0.0268211
2.19972,0.428378,-0.348654
2.24244,0.323939,-0.288397
2.27981,0.216307,-0.213771
2.20595,0.429592,0.0522955
2.28956,0.217233,0.0267745
2.20509,0.429424,-0.157092
2.25227,0.32536,0.0397217
2.16295,0.532071,-0.142753
2.28584,0.21688,-0.13372
2.20282,0.428981,0.130697
2.20808,0.430007,-0.104788
2.24953,0.324963,-0.119117
2.15783,0.530811,-0.090533
2.20595,0.429592,-0.0522955
2.16881,0.525893,-0.0389538
2.24085,0.316128,-0.065861
2.2001,0.420886,0
2.19336,0.419596,-0.347424
2.2435,0.316502,-0.288397
2.25365,0.317932,-0.0132279
2.19526,0.41996,-0.240754
2.28448,0.20911,-0.214143
2.20736,0.422275,0.0522955
2.29027,0.20964,0.0267745
2.2065,0.42211,-0.157092
2.24938,0.317331,0.0396519
2.1647,0.524896,-0.142753
2.29053,0.209663,-0.133952
2.20949,0.422682,-0.104788
2.2506,0.317502,-0.119117
2.16734,0.525537,-0.0908587
2.17841,0.520177,-0.0390934
2.23798,0.30776,-0.0657446
2.20942,0.41468,0
2.29896,0.202346,-0.0268676
2.1987,0.412667,-0.348039
2.25474,0.310064,-0.0132279
2.20453,0.413762,-0.241611
2.28122,0.200785,-0.213771
2.20882,0.414568,0.0522955
2.29099,0.201644,0.0267745
2.25444,0.310022,0.0397217
2.16264,0.51641,-0.142497
2.28727,0.201317,-0.13372
2.21096,0.414968,-0.104788
2.25565,0.310189,-0.119326
2.16528,0.51704,-0.0906958
2.20489,0.41383,-0.0522025
2.18022,0.512569,-0.0390934
2.25093,0.301538,-0.0660937
2.20692,0.40624,0
2.19624,0.404274,-0.347424
2.16883,0.509893,0.0129489
2.20596,0.406064,-0.241611
2.28588,0.193156,-0.214143
2.21419,0.407578,0.0523886
2.29168,0.193646,0.0267745
2.20939,0.406695,-0.157092
2.25551,0.30215,0.0397217
2.16831,0.509771,-0.142753
2.28796,0.193331,-0.13372
2.21239,0.407247,-0.104788
2.25276,0.301782,-0.119117
2.16707,0.509479,-0.0906958
2.20633,0.40613,-0.0522025
2.1781,0.504055,-0.0390236
2.25197,0.293679,-0.0660937
2.21226,0.399245,0
2.30031,0.186291,-0.0268676
2.19764,0.396605,-0.347424
2.1706,0.502319,0.0129489
2.26478,0.29535,-0.0132744
2.21128,0.399068,-0.242039
2.28257,0.184854,-0.213771
2.2156,0.399847,0.0523886
2.29633,0.185968,0.0268211
2.21473,0.39969,-0.157371
2.25336,0.29386,-0.185511
2.26051,0.294793,0.0397915
2.17008,0.502199,-0.142753
2.30056,0.186311,-0.134417
2.21638,0.399988,0.131162
2.21773,0.400232,-0.104974
2.17273,0.502812,-0.0908587
2.18392,0.496575,-0.0390934
2.24911,0.284529,-0.0659773
2.21378,0.390748,0
2.20693,0.389539,-0.348654
2.25174,0.284861,-0.288902
2.17251,0.493982,0.0129489
2.2128,0.390575,-0.242039
2.29518,0.177008,-0.214887
2.21712,0.391338,0.0523886
2.305,0.177765,0.0269142
2.21625,0.391183,-0.157371
2.26163,0.286112,0.0397915
2.17588,0.494749,-0.143009
2.30126,0.177477,-0.134417
2.2179,0.391475,0.131162
2.21925,0.391714,-0.104974
2.26283,0.286264,-0.119535
2.17464,0.494467,-0.0908587
2.21712,0.391338,-0.0523886
2.18546,0.489711,-0.0390934
2.25,0.277461,-0.0659773
2.21894,0.384474,0
2.30953,0.170818,-0.0269608
2.20814,0.382603,-0.348654
2.26282,0.279042,-0.0132512
2.21009,0.382941,-0.241611
2.29175,0.169502,-0.214515
2.22228,0.385052,0.0524816
2.30555,0.170522,0.0269142
2.2214,0.3849,-0.15765
2.26327,0.279098,-0.186162
2.26648,0.279494,0.0398613
2.17353,0.487037,-0.142753
2.3018,0.170246,-0.134417
2.21912,0.384505,0.131162
2.22047,0.384739,-0.104974
2.17229,0.486758,-0.0906958
2.19107,0.482941,-0.0391632
2.25889,0.270557,-0.0662101
2.22421,0.377395,0
2.21726,0.376215,-0.349884
2.27172,0.272094,-0.0132977
2.21534,0.37589,-0.242039
2.29233,0.161502,-0.214515
2.22755,0.377962,0.0525747
2.30613,0.162474,0.0269142
2.22666,0.377811,-0.157929
2.27142,0.272057,0.0399311
2.19081,0.482884,-0.143777
2.30637,0.162491,-0.13465
2.22438,0.377425,0.131394
2.22574,0.377655,-0.10516
2.18568,0.481753,-0.0911843
2.19274,0.475289,-0.0391632
2.26379,0.263131,-0.0663264
2.21855,0.368473,-0.349884
2.18522,0.473658,0.0129954
2.26471,0.263238,-0.0132512
2.21271,0.367503,-0.241611
2.29288,0.153499,-0.214515
2.2328,0.370839,0.0526678
2.30668,0.154423,0.0269142
2.22403,0.369382,-0.15765
2.26912,0.263751,-0.186487
2.27235,0.264126,0.0399311
2.18858,0.474388,-0.143521
2.30692,0.154439,-0.13465
2.22569,0.369658,0.131394
2.22704,0.369883,-0.10516
2.26958,0.263804,-0.119745
2.17954,0.472427,-0.0908587
2.21702,0.368218,-0.0522955
2.19438,0.467632,-0.0391632
2.26867,0.255676,-0.0664428
2.22679,0.361858,0
2.30721,0.14637,-0.0269142
2.21202,0.359459,-0.348654
2.27754,0.256675,-0.0133209
2.21791,0.360415,-0.242039
2.30135,0.145999,-0.215258
2.23803,0.363685,0.0527608
2.31519,0.146877,0.0270073
2.22924,0.362257,-0.157929
2.27003,0.255829,-0.186487
2.28121,0.257089,0.0400707
2.19023,0.466746,-0.143521
2.31143,0.146638,-0.134883
2.23091,0.362527,0.131627
2.22832,0.362107,-0.10516
2.27446,0.256328,-0.119954
2.18508,0.46565,-0.0910215
2.22619,0.36176,-0.0524816
2.19992,0.460789,-0.039233
2.26955,0.247754,-0.0664428
2.23594,0.355338,0
2.31968,0.139033,-0.0270539
2.21717,0.352355,-0.349269
2.27206,0.248028,-0.290922
2.27843,0.248723,-0.0133209
2.21915,0.35267,-0.242039
2.3098,0.138441,-0.216002
2.23928,0.35587,0.0527608
2.31968,0.139033,0.0270539
2.23049,0.354473,-0.157929
2.27017,0.247821,0.0398613
2.18403,0.45746,-0.143009
2.2361,0.355364,0.131859
2.26863,0.247654,0.0929754
2.23352,0.354953,-0.105346
2.27137,0.247953,-0.119745
2.18669,0.458019,-0.0910215
2.22744,0.353987,-0.0524816
2.1976,0.4523,-0.0391632
2.27438,0.24025,-0.0665591
2.23321,0.346917,0
2.32414,0.13116,-0.0271004
2.2262,0.345826,-0.350499
2.27928,0.240768,-0.0133209
2.22037,0.344921,-0.242039
2.31424,0.130601,-0.216374
2.24447,0.348664,0.0528539
2.32015,0.130934,0.0270539
2.2396,0.347909,-0.158487
2.28295,0.241155,0.0400707
2.19343,0.451443,-0.143521
2.30841,0.130272,-0.13465
2.23338,0.346943,0.131627
2.23869,0.347767,-0.105533
2.28017,0.240862,-0.120163
2.19219,0.451188,-0.0911843
2.22471,0.345595,-0.0523886
2.20308,0.44542,-0.039233
2.27122,0.231905,-0.0664428
2.23441,0.339121,0
2.32459,0.123048,-0.0271004
2.22348,0.337462,-0.349884
2.27613,0.232405,-0.0132977
2.22549,0.337767,-0.242468
2.30673,0.122102,-0.21563
2.23776,0.339629,0.0526678
2.32459,0.123048,0.0271004
2.2408,0.340091,-0.158487
2.28776,0.233593,0.0401405
2.20282,0.445367,-0.144032
2.31284,0.122426,-0.134883
2.23989,0.339952,-0.105533
2.24131,0.340167,0.27835
2.27655,0.232449,0.186813
2.19767,0.444327,-0.0913472
2.22985,0.338429,-0.0524816
2.276,0.224367,-0.0665591
2.23954,0.331905,0
2.23247,0.330857,-0.351113
2.28887,0.225636,-0.0133674
2.23059,0.330579,-0.242896
2.3151,0.114442,-0.216374
2.24289,0.332401,0.0527608
2.32101,0.114735,0.0270539
2.23408,0.331096,-0.157929
2.28856,0.225605,0.0401405
2.20044,0.436897,-0.143777
2.32522,0.114943,-0.13558
2.24365,0.332514,0.132092
2.24107,0.332131,-0.105533
2.27782,0.224546,-0.119954
2.19921,0.436652,-0.0913472
2.21006,0.430794,-0.0393028
2.28473,0.217178,-0.0667919
2.24464,0.324658,0
2.32539,0.106816,-0.0271004
2.22579,0.321931,-0.349884
2.28964,0.217645,-0.0133674
2.23173,0.322791,-0.242896
2.31548,0.106361,-0.216374
2.25195,0.325715,0.0529469
2.33338,0.107183,0.0271936
2.23918,0.323868,-0.158208
2.28209,0.216927,-0.187138
2.29331,0.217994,0.0402103
2.20196,0.429214,-0.143777
2.3256,0.106826,-0.13558
2.2448,0.324681,0.132092
2.27982,0.216712,0.0933011
2.24221,0.324307,-0.105533
2.28654,0.21735,-0.120373
2.19288,0.427444,-0.0910215
2.29172,0.217843,0.419723
2.24008,0.323998,-0.0526678
2.21548,0.423828,-0.0393726
2.28547,0.209201,-0.0667919
2.2418,0.316262,0
2.33774,0.0992064,-0.0272401
2.2269,0.314159,-0.349884
2.29039,0.209651,-0.0133674
2.23285,0.314998,-0.242896
2.3238,0.0986148,-0.217117
2.25703,0.318411,0.05304
2.33374,0.0990369,0.0271936
2.29008,0.209622,0.0401405
2.20344,0.421525,-0.143777
2.32995,0.098876,-0.135813
2.24592,0.316842,0.132092
2.25124,0.317594,-0.105905
2.28729,0.209367,-0.120373
2.20613,0.422039,-0.09151
2.2412,0.316176,-0.0526678
2.21695,0.416091,-0.0393726
2.29416,0.201922,-0.0670246
2.25082,0.309524,0
2.23581,0.30746,-0.351113
2.29907,0.202355,-0.0134139
2.23393,0.307202,-0.242896
2.32413,0.0905021,-0.217117
2.25813,0.31053,0.05304
2.33807,0.091045,0.0272401
2.24929,0.309313,-0.158766
2.29478,0.201977,0.0402103
2.2049,0.41383,-0.143777
2.32629,0.0905864,-0.13558
2.24701,0.309,0.132092
2.25234,0.309733,-0.105905
2.29596,0.202081,-0.120791
2.20759,0.414335,-0.09151
2.23832,0.307806,-0.0525747
2.22225,0.409464,-0.0394424
2.28684,0.193641,-0.0667919
2.2558,0.302591,0
2.24073,0.300571,-0.351728
2.20681,0.40662,0.0130419
2.29973,0.194732,-0.0134139
2.23494,0.299794,-0.242896
2.31645,0.0825125,-0.216374
2.25122,0.301978,0.0528539
2.34236,0.0834351,0.0272867
2.25426,0.302385,-0.159045
2.30341,0.195043,0.04035
2.21018,0.407241,-0.144032
2.33057,0.0830154,-0.135813
2.25198,0.30208,0.132324
2.25335,0.302264,-0.105905
2.26259,0.303503,0.2803
2.20895,0.407014,-0.09151
2.29149,0.18598,-0.0669082
2.28704,0.185618,-0.458915
2.24891,0.293679,0
2.34663,0.0753861,-0.0273333
2.24961,0.293771,-0.352958
2.21216,0.399625,0.0130652
2.23991,0.292505,-0.243325
2.32469,0.0746812,-0.217117
2.26019,0.295153,0.05304
2.33864,0.0751292,0.0272401
2.24738,0.29348,-0.158487
2.30009,0.186677,0.0402802
2.21552,0.400232,-0.144288
2.33484,0.0750072,-0.136045
2.2649,0.295767,0.133022
2.25439,0.294396,-0.105905
2.2933,0.186127,-0.120582
2.29678,0.186409,0.188115
2.21429,0.400011,-0.0916728
2.24433,0.293082,-0.0526678
2.22505,0.393938,-0.0394424
2.29611,0.178289,-0.0670246
2.26182,0.287339,0
2.34288,0.0670793,-0.0272867
2.23886,0.284421,-0.351113
2.21354,0.3919,0.0130652
2.24487,0.285185,-0.243753
2.32494,0.0665655,-0.217117
2.26518,0.287765,0.053133
2.34688,0.0671937,0.0273333
2.25235,0.286136,-0.158766
2.30139,0.178699,-0.18844
2.22083,0.393192,-0.144544
2.33508,0.066856,-0.136045
2.26196,0.287356,0.13279
2.25937,0.287027,-0.106091
2.3019,0.178738,-0.121001
2.26072,0.287198,0.279812
2.29742,0.17839,0.188115
2.21174,0.391581,-0.09151
2.25328,0.286253,-0.0528539
2.22641,0.386169,-0.0394424
2.30071,0.170569,-0.067141
2.26281,0.279442,0
2.24768,0.277574,-0.352343
2.25374,0.278322,-0.24461
2.3371,0.0587503,-0.218233
2.3511,0.0591022,0.0273798
2.26126,0.27925,-0.159324
2.30532,0.170911,0.04035
2.21826,0.384755,-0.144288
2.34728,0.0590062,-0.136743
2.26295,0.279459,0.13279
2.29978,0.170499,0.0939524
2.26036,0.279139,-0.106091
2.3065,0.170998,-0.12121
2.22097,0.385225,-0.0918356
2.25426,0.278386,-0.0528539
2.22775,0.378395,-0.0394424
2.30129,0.162536,-0.067141
2.26774,0.272018,0
2.35529,0.0509809,-0.0274264
2.24864,0.269726,-0.352343
2.31021,0.163166,-0.0134604
2.25075,0.269979,-0.244181
2.34127,0.0506775,-0.218604
2.27507,0.272896,0.0533191
2.26618,0.27183,-0.159603
2.30656,0.162908,-0.188766
2.22746,0.378346,-0.1448
2.34348,0.0507253,-0.13651
2.25994,0.271082,0.132557
2.30833,0.163033,0.0942781
2.26529,0.271723,-0.106277
2.26661,0.271881,0.2803
2.30656,0.162908,0.188766
2.2223,0.37747,-0.0918356
2.233,0.371274,-0.0395123
2.29785,0.154236,-0.0670246
2.26073,0.263176,0
2.24956,0.261876,-0.352343
2.31475,0.15537,-0.0134836
2.25168,0.262123,-0.244181
2.33745,0.0424339,-0.218233
2.26807,0.26403,0.053133
2.35945,0.0428333,0.027473
2.26712,0.26392,-0.159603
2.34364,0.0425463,-0.13651
2.26881,0.264117,0.133022
2.26225,0.263353,-0.106091
2.31162,0.15516,-0.121419
2.27149,0.264428,0.280787
2.30712,0.154858,0.188766
2.22755,0.370367,-0.0919985
2.26409,0.263568,-0.05304
2.23823,0.364119,-0.0395821
2.30636,0.146721,-0.0672573
2.30167,0.146423,-0.461268
2.26164,0.255283,0
2.35559,0.0345378,-0.0274264
2.25439,0.254465,-0.352958
2.22274,0.361599,0.0130884
2.25653,0.254707,-0.24461
2.34157,0.0343322,-0.218604
2.27692,0.257008,0.0533191
2.35559,0.0345378,0.0274264
2.26406,0.255556,-0.159324
2.31162,0.147056,-0.189091
2.31896,0.147522,0.0405594
2.23005,0.362787,-0.1448
2.35176,0.0344817,-0.136976
2.27368,0.256643,0.133255
2.2711,0.256351,-0.106463
2.30816,0.146836,-0.12121
2.31162,0.147056,0.189091
2.22883,0.362589,-0.0919985
2.32097,0.14765,0.424028
2.26897,0.256111,-0.053133
2.23949,0.356303,-0.0395821
2.30686,0.138669,-0.0672573
2.25534,0.246601,-0.63512
2.27047,0.248256,0
2.35969,0.0263591,-0.027473
2.25527,0.246593,-0.352958
2.22399,0.353837,0.0130884
2.31977,0.139445,-0.0135069
2.25741,0.246828,-0.24461
2.34566,0.0262023,-0.218976
2.28178,0.249492,0.0534122
2.36369,0.0264037,0.0275195
2.2689,0.248085,-0.159603
2.31212,0.138985,-0.189091
2.32345,0.139666,0.0406292
2.23524,0.355628,-0.145056
2.34787,0.026227,-0.136743
2.27457,0.248704,0.133255
2.26801,0.247987,-0.106277
2.31663,0.139256,-0.121629
2.31212,0.138985,0.189091
2.22613,0.354178,-0.0918356
2.32147,0.139547,0.424028
2.27383,0.248623,-0.0532261
2.31531,0.131068,-0.06749
2.2753,0.24075,0
2.36377,0.0181533,-0.0275195
2.26004,0.239136,-0.353573
2.25826,0.238947,-0.24461
2.3537,0.0180759,-0.21972
2.27866,0.241106,0.0533191
2.36777,0.018184,0.0275661
2.27372,0.240584,-0.159882
2.31657,0.131139,-0.189416
2.32392,0.131556,0.0406292
2.23647,0.347823,-0.145056
2.35993,0.0181238,-0.137441
2.28336,0.241603,0.13372
2.31437,0.131015,0.0944409
2.27681,0.24091,-0.106649
2.31711,0.13117,-0.121629
2.27808,0.241044,0.281274
2.31657,0.131139,0.189416
2.23525,0.347634,-0.0921613
2.32587,0.131666,0.424745
2.27866,0.241106,-0.0533191
2.23797,0.340059,-0.0395123
2.31176,0.122773,-0.0673737
2.28408,0.23362,0
2.36382,0.00990142,-0.0275195
2.26873,0.232049,-0.354803
2.23036,0.338903,0.0131117
2.32069,0.123247,-0.0135069
2.25908,0.231062,-0.24461
2.35375,0.00985923,-0.21972
2.28347,0.233556,0.0534122
2.36782,0.00991817,0.0275661
2.27455,0.232645,-0.159882
2.23341,0.339366,0.0657446
2.32437,0.123442,0.0406292
2.23767,0.340014,-0.145056
2.35599,0.00986861,-0.137208
2.27625,0.232818,0.133255
2.3228,0.123359,0.0947666
2.28161,0.233367,-0.106835
2.32154,0.123292,-0.121838
2.28286,0.233494,0.281762
2.23645,0.339829,-0.0921613
2.27551,0.232743,-0.0532261
2.32016,0.115099,-0.0676064
2.26546,0.223728,-0.637276
2.28489,0.225646,0
2.37184,0.00165618,-0.0276127
2.27346,0.224517,-0.355418
2.23549,0.331703,0.0131349
2.3291,0.115542,-0.0135534
2.35377,0.00164356,-0.21972
2.28825,0.225978,0.0535052
2.37584,0.00165897,0.0276592
2.28329,0.225488,-0.16044
2.23458,0.331568,0.0657446
2.24279,0.332787,-0.145312
2.35601,0.00164513,-0.137208
2.28102,0.225264,0.133487
2.27843,0.225009,-0.106649
2.32594,0.115386,-0.122047
2.28761,0.225915,0.282249
2.3254,0.115358,0.190067
2.24158,0.332607,-0.0923241
2.33066,0.11562,0.425463
2.27631,0.224799,-0.0532261
2.25216,0.326147,-0.0397217
2.31256,0.106632,-0.0673737
2.27769,0.216911,0
2.26636,0.215831,-0.354188
2.24059,0.324472,0.0131582
2.36172,-0.0065944,-0.220463
2.293,0.218369,0.0535983
2.37183,-0.00662262,0.0276127
2.28009,0.217139,-0.160161
2.24394,0.324957,-0.145312
2.36798,-0.00661187,-0.137906
2.28974,0.218058,0.133952
2.3236,0.10714,0.0947666
2.28318,0.217433,-0.106835
2.31835,0.106898,-0.121629
2.32578,0.107241,0.190067
2.23877,0.324208,-0.0921613
2.28106,0.217231,-0.0533191
2.32489,0.0994743,-0.0677228
2.27077,0.208654,-0.638354
2.31989,0.0992606,-0.464406
2.28238,0.209722,0
2.3678,-0.0144641,-0.0275661
2.26706,0.208314,-0.354188
2.24165,0.317039,0.0131582
2.33782,0.100028,-0.0135999
2.26926,0.208516,-0.245466
2.36169,-0.0144268,-0.220463
2.29371,0.210763,0.0535983
2.37579,-0.0145129,0.0276592
2.2808,0.209576,-0.160161
2.32613,0.0995273,-0.190067
2.36794,-0.014465,-0.137906
2.29443,0.210829,0.134185
2.32794,0.0996048,0.0949294
2.28389,0.20986,-0.106835
2.32668,0.0995508,-0.122047
2.28909,0.210338,0.282249
2.23588,0.316222,-0.0919985
2.32004,0.213182,0.624272
2.33533,0.0999211,0.42618
2.28575,0.210031,-0.0534122
2.32522,0.0913577,-0.0677228
2.27148,0.200726,-0.638354
2.32022,0.0911614,-0.464406
2.28709,0.202105,0
2.37173,-0.0227682,-0.0276127
2.26778,0.200399,-0.354188
2.35764,-0.0226329,-0.220092
2.29444,0.202754,0.0535983
2.38373,-0.0228833,0.0277523
2.28947,0.202315,-0.160719
2.33384,0.0916965,0.0407688
2.2461,0.309674,-0.145312
2.36788,-0.0227312,-0.137906
2.29913,0.203169,0.134417
2.32827,0.0914775,0.0949294
2.29257,0.20259,-0.107208
2.32701,0.0914279,-0.122047
2.29377,0.202695,0.282737
2.33044,0.0915629,0.190393
2.24488,0.309506,-0.0923241
2.28249,0.201698,-0.0533191
2.2554,0.302938,-0.0397217
2.32952,0.0833841,-0.0678391
2.28778,0.194121,0
2.37963,-0.0311511,-0.0277058
2.27634,0.19315,-0.355418
2.33168,0.0834615,-0.296983
2.24381,0.301382,0.0131582
2.34246,0.0838473,-0.0136231
2.36551,-0.0309663,-0.220835
2.29911,0.195083,0.0536913
2.38763,-0.0312558,0.0277989
2.25508,0.302895,-0.145823
2.36379,-0.0309437,-0.137673
2.29585,0.194805,0.134185
2.33656,0.0836362,0.095255
2.29725,0.194924,-0.107394
2.3353,0.0835909,-0.122466
2.29842,0.195024,0.283224
2.33473,0.0835707,0.190718
2.24991,0.302201,-0.0924869
2.28318,0.19373,-0.0533191
2.26443,0.295706,-0.0398613
2.32581,0.0747176,-0.0677228
2.2767,0.184779,-0.639433
2.32866,0.0748089,-0.465975
2.30044,0.186706,0
2.3835,-0.0399392,-0.0277523
2.28097,0.185126,-0.356033
2.33594,0.0750428,-0.297488
2.24887,0.293674,0.0131814
2.34275,0.0752617,-0.0136231
2.36936,-0.0397023,-0.221207
2.29583,0.186332,0.0535983
2.3835,-0.0399392,0.0277523
2.29881,0.186574,-0.161277
2.33901,0.0751414,-0.191044
2.25618,0.294628,-0.145823
2.37564,-0.0398074,-0.138371
2.29654,0.18639,0.134185
2.33286,0.0749439,0.0950922
2.29396,0.18618,-0.107208
2.33958,0.0751598,-0.122675
2.29912,0.186599,0.283224
2.33502,0.0750134,0.190718
2.25497,0.294471,-0.0926498
2.31833,0.188158,0.623236
2.34413,0.0753058,0.427615
2.28786,0.185685,-0.0534122
2.33005,0.0671201,-0.0678391
2.28114,0.177528,-0.640511
2.32105,0.066861,-0.464406
2.30104,0.179077,0
2.39136,-0.048003,-0.0278455
2.28945,0.178175,-0.357263
2.2538,0.28672,0.0132047
2.28781,0.178047,-0.24718
2.3732,-0.0476386,-0.221579
2.30839,0.179649,0.0538774
2.37936,-0.0477622,0.0277058
2.28748,0.178021,-0.16044
2.25288,0.286604,0.0660937
2.38348,-0.0478449,-0.138836
2.30511,0.179393,0.13465
2.33709,0.067323,0.095255
2.29457,0.178573,-0.107208
2.33582,0.0672865,-0.122466
2.30368,0.179282,0.283712
2.34721,0.0676146,0.191695
2.26386,0.288001,-0.0929754
2.31509,0.18017,0.622201
2.3483,0.0676458,0.428333
2.29643,0.178718,-0.0535983
2.33826,0.059188,-0.0680718
2.33303,0.0590557,-0.466759
2.30165,0.171043,0
2.38318,-0.0561623,-0.0277523
2.28218,0.169595,-0.356033
2.25478,0.278851,0.0132047
2.28445,0.169764,-0.246752
2.38098,-0.0561106,-0.222322
2.31299,0.171886,0.0539705
2.38718,-0.0562565,0.0277989
2.30003,0.170922,-0.161277
2.33947,0.0592185,-0.191044
2.3833,-0.0561652,-0.138836
2.31369,0.171937,0.135115
2.3453,0.0593663,0.0955807
2.30315,0.171154,-0.10758
2.34004,0.059233,-0.122675
2.30429,0.171239,0.283712
2.34345,0.0593194,0.191369
2.26089,0.279605,-0.0928126
2.33497,0.173518,0.627377
2.35245,0.0595473,0.42905
2.29305,0.170404,-0.0535052
2.34645,0.0511994,-0.0683046
2.33715,0.0509965,-0.467544
2.30623,0.163289,0
2.38696,-0.0645896,-0.0277989
2.2867,0.161907,-0.356648
2.34055,0.0510708,-0.297993
2.25574,0.270978,0.0132047
2.3554,0.0513948,-0.0136929
2.289,0.162069,-0.24718
2.38874,-0.0646376,-0.223066
2.31358,0.16381,0.0539705
2.39496,-0.064806,0.027892
2.30061,0.162892,-0.161277
2.34364,0.0511382,-0.191369
2.2588,0.271344,0.0662101
2.26702,0.272332,-0.146335
2.38708,-0.0645927,-0.139069
2.31428,0.163859,0.135115
2.3415,0.0510915,0.0954179
2.29974,0.16283,-0.107394
2.34422,0.0511509,-0.122885
2.30884,0.163474,0.284199
2.34364,0.0511382,0.191369
2.25391,0.270758,-0.0924869
2.35658,0.0514205,0.429768
2.30161,0.162963,-0.0536913
2.27226,0.264919,-0.0399311
2.33862,0.0428624,-0.0680718
2.31476,0.155776,0
2.39472,-0.0731651,-0.027892
2.29119,0.154189,-0.357263
2.34469,0.0429737,-0.298498
2.26065,0.263566,0.0132279
2.35556,0.0431731,-0.0136929
2.3885,-0.0729749,-0.223066
2.31414,0.155734,0.0539705
2.39072,-0.0730429,0.0278455
2.30116,0.15486,-0.161277
2.35178,0.0431037,-0.19202
2.25973,0.263459,0.0662101
2.35525,0.0431672,0.0411179
2.26399,0.263955,-0.146079
2.38684,-0.0729243,-0.139069
2.30687,0.155244,0.13465
2.34566,0.0429915,0.0955807
2.30428,0.15507,-0.10758
2.34838,0.0430414,-0.123094
2.31336,0.155681,0.284687
2.35577,0.0431768,0.192346
2.26278,0.263815,-0.0928126
2.32456,0.156435,0.624272
2.35675,0.0431947,0.429768
2.30217,0.154928,-0.0536913
2.28724,0.145905,-0.641589
2.30731,0.147185,0
2.40245,-0.0817966,-0.0279852
2.29961,0.146693,-0.358492
2.34482,0.0347883,-0.298498
2.26553,0.256122,0.0132512
2.3597,0.0350091,-0.0137161
2.38425,-0.081177,-0.222694
2.31068,0.1474,0.0538774
2.39445,-0.0815244,0.027892
2.30965,0.147334,-0.161835
2.34793,0.0348344,-0.191695
2.26461,0.256018,0.0663264
2.35938,0.0350043,0.0411877
2.27283,0.256947,-0.146591
2.39056,-0.081392,-0.139301
2.31138,0.147444,0.134883
2.34979,0.034862,0.0957435
2.30082,0.146771,-0.107394
2.35251,0.0349024,-0.123304
2.31785,0.147857,0.285174
2.35192,0.0348936,0.19202
2.26766,0.256363,-0.0929754
2.32509,0.148319,0.624272
2.36082,0.0350256,0.430485
2.30669,0.147145,-0.0537844
2.34286,0.0265813,-0.0681882
2.29543,0.138385,-0.643746
2.34148,0.0265656,-0.468328
2.3118,0.139372,0
2.40614,-0.0903306,-0.0280317
2.30799,0.139143,-0.359722
2.35286,0.0266948,-0.299508
2.27039,0.248649,0.0132744
2.39191,-0.0897963,-0.223438
2.31517,0.139575,0.0539705
2.39415,-0.0898804,0.027892
2.30617,0.139033,-0.161556
2.35601,0.0267305,-0.192346
2.26549,0.248113,0.0663264
2.39824,-0.0900341,-0.139766
2.32384,0.140098,0.13558
2.35789,0.0267518,0.0960692
2.31329,0.139462,-0.107952
2.34863,0.0266467,-0.123094
2.31835,0.139767,0.285174
2.36,0.0267757,0.192671
2.27252,0.248882,-0.0931383
2.3333,0.140669,0.626342
2.36486,0.0268309,0.431203
2.31118,0.139335,-0.0538774
2.34548,0.0184223,-0.469113
2.31627,0.131528,0
2.40182,-0.0985657,-0.0279852
2.30057,0.130637,-0.358492
2.27124,0.240722,0.0132744
2.29898,0.130546,-0.248037
2.39954,-0.0984723,-0.224181
2.32363,0.131946,0.0541566
2.39782,-0.0984017,0.0279386
2.31461,0.131434,-0.162114
2.35609,0.0185057,-0.192346
2.27854,0.241495,-0.146847
2.40191,-0.0985694,-0.139999
2.3283,0.132211,0.135813
2.35797,0.0185205,0.0960692
2.31775,0.131612,-0.108138
2.3527,0.018479,-0.123304
2.31882,0.131673,0.285174
2.36008,0.018537,0.192671
2.26542,0.240105,-0.0928126
2.33378,0.132522,0.626342
2.31165,0.131266,-0.0538774
2.35098,0.0102581,-0.0684209
2.34945,0.0102515,-0.469897
2.31671,0.123441,0
2.40545,-0.107128,-0.0280317
2.30102,0.122605,-0.358492
2.35299,0.0102669,-0.299508
2.27605,0.233199,0.0132977
2.29942,0.12252,-0.248037
2.39918,-0.106848,-0.224181
2.40146,-0.10695,0.0279852
2.31904,0.123565,-0.162393
2.27114,0.232697,0.0664428
2.37162,0.0103482,0.0413971
2.27937,0.233539,-0.146847
2.40554,-0.107131,-0.140231
2.32476,0.12387,0.13558
2.36601,0.0103237,0.0963948
2.3142,0.123307,-0.107952
2.35674,0.0102833,-0.123513
2.32323,0.123789,0.285662
2.3681,0.0103328,0.193322
2.27022,0.232603,-0.0929754
2.37286,0.0103536,0.432638
2.31609,0.123408,-0.0539705
2.28848,0.226404,-0.0401405
2.359,0.0020591,-0.0686537
2.34947,0.00205078,-0.469897
2.31713,0.115354,0
2.41305,-0.115907,-0.0281249
2.30933,0.114966,-0.359722
2.35698,0.00205734,-0.300013
2.27685,0.225253,0.0132977
2.37196,0.00207042,-0.0137859
2.40675,-0.115604,-0.224925
2.33248,0.116118,0.0543427
2.40906,-0.115715,0.0280783
2.32344,0.115668,-0.162672
2.36414,0.00206359,-0.192997
2.27592,0.225162,0.0665591
2.37564,0.00207363,0.0414669
2.28017,0.225582,-0.146847
2.39717,-0.115144,-0.139766
2.32119,0.115556,0.135348
2.36204,0.00206176,0.096232
2.31861,0.115428,-0.108138
2.36475,0.00206413,-0.123932
2.32762,0.115876,0.286149
2.36812,0.00206707,0.193322
2.27897,0.225464,-0.0933011
2.34237,0.11661,0.628413
2.37288,0.00207122,0.432638
2.3165,0.115323,-0.0539705
2.30479,0.107483,-0.645903
2.32947,0.108633,0
2.41667,-0.123691,-0.0281714
2.30573,0.107526,-0.359107
2.36094,-0.00535589,-0.300518
2.27754,0.2181,0.0132977
2.37195,-0.00538086,-0.0137859
2.4024,-0.12296,-0.224553
2.32884,0.108604,0.0542496
2.41268,-0.123487,0.0281249
2.31981,0.108183,-0.162393
2.36812,-0.00537216,-0.193322
2.27662,0.218011,0.0665591
2.40477,-0.123082,-0.140231
2.32952,0.108636,0.135813
2.36603,-0.00536743,0.0963948
2.31896,0.108144,-0.108138
2.36075,-0.00535546,-0.123722
2.33193,0.108748,0.286637
2.3721,-0.0053812,0.193647
2.28365,0.218685,-0.0934639
2.34272,0.109252,0.628413
2.32484,0.108418,-0.0541566
2.30902,0.0991993,-0.646981
2.35335,-0.0139649,-0.470682
2.32186,0.0997508,0
2.314,0.0994134,-0.360337
2.36488,-0.0140333,-0.301023
2.28629,0.210484,0.0133442
2.3085,0.0991771,-0.248894
2.40591,-0.131984,-0.224925
2.33322,0.100239,0.0543427
2.41221,-0.132329,0.0281249
2.32418,0.0998504,-0.162672
2.37207,-0.014076,-0.193647
2.28536,0.210398,0.0667919
2.3796,-0.0141206,0.0415367
2.28563,0.210422,-0.147102
2.33389,0.100268,0.136045
2.36999,-0.0140637,0.0965577
2.32733,0.0999858,-0.108511
2.36871,-0.014056,-0.124141
2.37207,-0.014076,0.193647
2.28842,0.210679,-0.0936268
2.34697,0.10083,0.629448
2.38071,-0.0141273,0.434073
2.32523,0.0998955,-0.0541566
2.36289,-0.0222696,-0.06877
2.3132,0.0912911,-0.648059
2.36113,-0.022253,-0.47225
2.32619,0.0918037,0
2.41972,-0.141214,-0.028218
2.31829,0.0914917,-0.360952
2.36878,-0.0223251,-0.301529
2.29498,0.203208,0.0133907
2.31678,0.0914325,-0.24975
2.41338,-0.140845,-0.225668
2.33755,0.0922519,0.0544357
2.41573,-0.140981,0.0281714
2.32451,0.0917374,-0.162672
2.372,-0.0223554,-0.193647
2.28608,0.20242,0.0667919
2.38353,-0.0224641,0.0416065
2.28635,0.202443,-0.147102
2.34221,0.0924357,0.13651
2.36993,-0.0223359,0.0965577
2.32766,0.0918618,-0.108511
2.36465,-0.0222861,-0.123932
2.37599,-0.022393,0.193973
2.28516,0.202338,-0.0934639
2.38852,-0.0225111,0.435508
2.33355,0.0920942,-0.0543427
2.36681,-0.0301567,-0.0688864
2.36105,-0.0300833,-0.47225
2.33048,0.0842331,0
2.42323,-0.149484,-0.0282646
2.31858,0.0838029,-0.360952
2.36473,-0.0301302,-0.301023
2.28369,0.194577,0.0133209
2.31707,0.0837486,-0.24975
2.41688,-0.149093,-0.22604
2.33784,0.0844992,0.0544357
2.41524,-0.148992,0.0281714
2.33278,0.0843162,-0.16323
2.3759,-0.0302726,-0.193973
2.29073,0.195177,0.0669082
2.37545,-0.0302668,0.0414669
2.29496,0.195537,-0.147614
2.42328,-0.149488,-0.141394
2.3425,0.0846675,0.13651
2.37783,-0.0302972,0.0968833
2.33594,0.0844305,-0.108883
2.37255,-0.0302299,-0.12435
2.33691,0.0844657,0.287124
2.37989,-0.0303234,0.194298
2.28582,0.194758,-0.0934639
2.38843,-0.0304322,0.435508
2.33384,0.0843547,-0.0543427
2.296,0.187555,-0.0402103
2.37468,-0.0385486,-0.0691191
2.36485,-0.038389,-0.473035
2.33875,0.0763581,0
2.43068,-0.158463,-0.0283577
2.32676,0.0759664,-0.362182
2.36857,-0.0384495,-0.301529
2.29233,0.187255,0.0133674
2.38365,-0.0386942,-0.0138556
2.31735,0.0756594,-0.24975
2.42429,-0.158047,-0.226784
2.34611,0.0765984,0.0546219
2.42269,-0.157943,0.0282646
2.33306,0.0761721,-0.16323
2.37977,-0.0386312,-0.194298
2.29538,0.187504,0.0670246
2.38732,-0.0387538,0.0416763
2.29563,0.187525,-0.147614
2.41876,-0.157686,-0.141162
2.34278,0.0764896,0.13651
2.38571,-0.0387276,0.097209
2.33622,0.0762754,-0.108883
2.38042,-0.0386418,-0.124769
2.34116,0.0764367,0.287612
2.38376,-0.0386959,0.194624
2.29445,0.187428,-0.0937896
2.38831,-0.0387698,0.435508
2.33013,0.0760765,-0.0542496
2.37053,-0.047172,-0.0690027
2.31403,0.067062,-0.648059
2.36861,-0.0471339,-0.473819
2.34302,0.067902,0
2.43008,-0.167371,-0.0283577
2.32702,0.0674384,-0.362182
2.37239,-0.0472089,-0.302034
2.30097,0.179474,0.0134139
2.38349,-0.0474299,-0.0138556
2.32159,0.0672811,-0.250179
2.41575,-0.166384,-0.22604
2.34238,0.0678837,0.0545288
2.42609,-0.167096,0.0283111
2.33731,0.0677366,-0.163509
2.3836,-0.047432,-0.194624
2.30004,0.179401,0.067141
2.39116,-0.0475826,0.0417462
2.30028,0.17942,-0.14787
2.42215,-0.166824,-0.141394
2.34304,0.0679029,0.13651
2.38555,-0.0474709,0.097209
2.33648,0.0677127,-0.108883
2.38026,-0.0473657,-0.124769
2.34539,0.0679709,0.288099
2.39556,-0.04767,0.1956
2.29512,0.179018,-0.0937896
2.39208,-0.0476009,0.436225
2.33839,0.0677678,-0.0544357
2.37435,-0.0555405,-0.0691191
2.3258,0.0592779,-0.651294
2.36451,-0.0553105,-0.473035
2.33524,0.0595185,0
2.43746,-0.17643,-0.0284508
2.33514,0.059516,-0.363412
2.37617,-0.0555832,-0.302539
2.30158,0.171441,0.0134139
2.38731,-0.0558437,-0.0138789
2.32579,0.0592775,-0.250607
2.41913,-0.175103,-0.226412
2.34261,0.0597062,0.0545288
2.42549,-0.175564,0.0283111
2.33354,0.0594752,-0.16323
2.3874,-0.0558459,-0.194949
2.30065,0.171371,0.067141
2.39498,-0.0560232,0.041816
2.30089,0.171389,-0.14787
2.42553,-0.175567,-0.141627
2.34327,0.0597231,0.13651
2.38137,-0.0557049,0.0970462
2.3407,0.0596576,-0.109069
2.38008,-0.0556747,-0.124769
2.39139,-0.0559392,0.195275
2.29972,0.171301,-0.0939524
2.39584,-0.0560432,0.436943
2.33861,0.0596043,-0.0544357
2.38213,-0.0640425,-0.0693518
2.326,0.0511596,-0.651294
2.37607,-0.0638795,-0.475388
2.33943,0.0514551,0
2.43683,-0.184937,-0.0284508
2.33534,0.051365,-0.363412
2.3839,-0.06409,-0.303549
2.31414,0.164256,0.0134836
2.39909,-0.0644985,-0.0139486
2.32996,0.0512467,-0.251036
2.42247,-0.183847,-0.226784
2.35879,0.0518809,0.054901
2.43284,-0.184634,0.0284042
2.33772,0.0514175,-0.163509
2.29725,0.163057,0.0670246
2.39877,-0.0644898,0.0418858
2.30546,0.16364,-0.148126
2.43685,-0.184939,-0.142324
2.35943,0.051895,0.137441
2.39315,-0.0643387,0.0975347
2.3409,0.0514873,-0.109069
2.38786,-0.0641965,-0.125188
2.34978,0.0516827,0.288587
2.39118,-0.0642857,0.195275
2.3003,0.163273,-0.0939524
2.40349,-0.0646169,0.438377
2.3819,-0.0719416,-0.0693518
2.33,0.0435179,-0.652372
2.34759,0.0438464,0
2.44019,-0.193333,-0.0284974
2.33944,0.0436943,-0.364027
2.37971,-0.0718751,-0.303044
2.30669,0.156041,0.0134371
2.39487,-0.0723331,-0.0139253
2.33409,0.0435942,-0.251464
2.43376,-0.192823,-0.227899
2.35895,0.0440586,0.054901
2.44019,-0.193333,0.0284974
2.34586,0.0438141,-0.164067
2.39095,-0.0722148,-0.195275
2.30575,0.155978,0.0672573
2.40254,-0.0725648,0.0419556
2.30599,0.155994,-0.148126
2.43622,-0.193019,-0.142324
2.3556,0.043996,0.137208
2.39292,-0.0722743,0.0975347
2.35304,0.0439482,-0.109627
2.39163,-0.0722352,-0.125397
2.35391,0.0439644,0.289074
2.39494,-0.0723352,0.1956
2.3088,0.156184,-0.0942781
2.31891,0.148331,-0.0405594
2.38962,-0.0809419,-0.0695846
2.3834,-0.0807315,-0.476957
2.35174,0.0353018,0
2.44743,-0.202936,-0.0285905
2.33959,0.0351195,-0.364027
2.38736,-0.0808654,-0.304054
2.30325,0.14733,0.0134139
2.39858,-0.0812456,-0.0139486
2.33423,0.0350391,-0.251464
2.43701,-0.202071,-0.228271
2.43946,-0.202275,0.0284974
2.34601,0.0352158,-0.164067
2.31429,0.148036,0.06749
2.39826,-0.0812346,0.0418858
2.31451,0.14805,-0.148637
2.4355,-0.201947,-0.142324
2.35574,0.035362,0.137208
2.40063,-0.081315,0.0978603
2.35318,0.0353235,-0.109627
2.39933,-0.0812709,-0.125816
2.35802,0.0353962,0.289562
2.39864,-0.0812476,0.195926
2.30936,0.147721,-0.0942781
2.3551,0.0353523,-0.054808
2.31941,0.140236,-0.0405594
2.38932,-0.0892828,-0.0695846
2.3264,0.0267994,-0.651294
2.35984,0.0271847,0
2.44671,-0.211478,-0.0285905
2.3397,0.0269526,-0.364027
2.38706,-0.0891983,-0.304054
2.31174,0.139772,0.0134604
2.40228,-0.0897671,-0.0139718
2.33832,0.0269367,-0.251892
2.43629,-0.210577,-0.228271
2.35521,0.0271312,0.054808
2.44273,-0.211133,0.0285439
2.3541,0.0271184,-0.164625
2.39834,-0.0896199,-0.195926
2.30681,0.139474,0.0672573
2.40595,-0.0899043,0.0420254
2.31501,0.13997,-0.148637
2.44274,-0.211135,-0.142789
2.35585,0.0271387,0.137208
2.40033,-0.0896942,0.0978603
2.35329,0.0271092,-0.109627
2.39903,-0.0896456,-0.125816
2.3621,0.0272107,0.290049
2.40233,-0.0897688,0.196251
2.31385,0.1399,-0.0944409
2.35521,0.0271312,-0.054808
2.32386,0.132772,-0.0406292
2.33418,0.0191478,-0.653451
2.38672,-0.0971123,-0.477742
2.35592,0.0193262,0
2.44998,-0.219948,-0.0286371
2.34768,0.0192585,-0.365256
2.39865,-0.0975976,-0.305569
2.31618,0.132334,0.0134836
2.40597,-0.0978955,-0.0139951
2.34237,0.019215,-0.252321
2.43954,-0.219011,-0.228642
2.35928,0.0193537,0.054901
2.44201,-0.219233,0.0285439
2.34619,0.0192464,-0.164067
2.31125,0.132052,0.0673737
2.40964,-0.0980448,0.0420952
2.446,-0.219591,-0.143022
2.36392,0.0193917,0.137673
2.40002,-0.0976535,0.0978603
2.35736,0.019338,-0.109813
2.40271,-0.097763,-0.126025
2.36218,0.0193775,0.290049
2.40998,-0.0980588,0.196902
2.31031,0.131998,-0.0942781
2.36328,0.0193865,-0.0549941
2.39665,-0.105897,-0.0698173
2.33424,0.0109999,-0.653451
2.3942,-0.105789,-0.479311
2.36397,0.01114,0
2.4492,-0.228499,-0.0286371
2.34378,0.0110449,-0.364642
2.40225,-0.106145,-0.306074
2.32063,0.124462,0.0135069
2.4136,-0.106646,-0.0140416
2.35038,0.011076,-0.253177
2.44273,-0.227895,-0.229014
2.36733,0.0111559,0.0550871
2.4492,-0.228499,0.0286371
2.35822,0.0111129,-0.164904
2.40564,-0.106295,-0.196577
2.31968,0.124411,0.0676064
2.40928,-0.106455,0.0420952
2.3199,0.124423,-0.148893
2.4492,-0.228499,-0.143255
2.36796,0.0111588,0.137906
2.40765,-0.106383,0.098186
2.36141,0.011128,-0.11
2.40236,-0.106149,-0.126025
2.3662,0.0111506,0.290537
2.40963,-0.106471,0.196902
2.31874,0.124361,-0.0946037
2.36733,0.0111559,-0.0550871
2.40423,-0.115063,-0.07005
2.3938,-0.114564,-0.479311
2.368,0.00247977,0
2.45631,-0.238246,-0.0287302
2.35171,0.00246271,-0.365871
2.39392,-0.11457,-0.305064
2.32107,0.115956,0.0135069
2.4132,-0.115492,-0.0140416
2.35836,0.00246968,-0.254034
2.4498,-0.237615,-0.229758
2.37136,0.00248329,0.0551802
2.45232,-0.23786,0.0286836
2.35425,0.00246538,-0.164625
2.40922,-0.115302,-0.196902
2.32412,0.116108,0.0677228
2.41687,-0.115668,0.0422348
2.32433,0.116119,-0.149149
2.45629,-0.238245,-0.14372
2.37597,0.00248812,0.138371
2.40725,-0.115207,0.098186
2.36543,0.00247709,-0.110186
2.40594,-0.115145,-0.126234
2.3702,0.00248208,0.291024
2.40922,-0.115302,0.196902
2.31519,0.115662,-0.0944409
2.37136,0.00248329,-0.0551802
2.33313,0.108395,-0.0407688
2.40781,-0.12366,-0.0701664
2.3973,-0.12312,-0.480095
2.36399,-0.00577634,0
2.45944,-0.247219,-0.0287768
2.40143,-0.123332,-0.306074
2.32945,0.108224,0.0135534
2.41677,-0.12412,-0.0140648
2.3504,-0.00574312,-0.253177
2.45688,-0.246962,-0.230501
2.37935,-0.00581386,0.0553663
2.45944,-0.247219,0.0287768
2.36621,-0.00578177,-0.165462
2.41278,-0.123915,-0.197227
2.32451,0.107995,0.0677228
2.42044,-0.124308,0.0423046
2.32871,0.10819,-0.149405
2.45942,-0.247217,-0.143952
2.37197,-0.00579584,0.138138
2.41481,-0.124019,0.0985116
2.37342,-0.00579937,-0.110558
2.4135,-0.123952,-0.126653
2.37416,-0.00580119,0.291512
2.41676,-0.12412,0.197553
2.31957,0.107765,-0.0946037
2.36735,-0.00578454,-0.0550871
2.32946,0.100892,-0.040699
2.40341,-0.131006,-0.07005
2.40474,-0.131078,-0.481664
2.36796,-0.0132253,0
2.46661,-0.255769,-0.0288699
2.35958,-0.0131785,-0.367101
2.405,-0.131092,-0.306579
2.32978,0.100905,0.0135534
2.41637,-0.131712,-0.0140648
2.35434,-0.0131493,-0.253606
2.44817,-0.253858,-0.229758
2.36732,-0.0132218,0.0550871
2.45865,-0.254944,0.0287768
2.36219,-0.0131931,-0.165183
2.33282,0.101037,0.0679555
2.4626,-0.255354,-0.144185
2.36795,-0.0132253,0.137906
2.3654,-0.013211,-0.110186
2.41709,-0.131751,-0.126862
2.3781,-0.013282,0.291999
2.41636,-0.131711,0.197553
2.3199,0.100478,-0.0946037
2.37132,-0.0132441,-0.0551802
2.41092,-0.139857,-0.0702827
2.39643,-0.139017,-0.480095
2.3679,-0.021491,0
2.46968,-0.264804,-0.0289165
2.36347,-0.0214508,-0.367716
2.41245,-0.139946,-0.307589
2.33011,0.0927724,0.0135534
2.42388,-0.140609,-0.0141113
2.35826,-0.0214035,-0.254034
2.44331,-0.261977,-0.229386
2.37126,-0.0215215,0.0551802
2.4657,-0.264378,0.0288699
2.36213,-0.0214386,-0.165183
2.33716,0.0930528,0.0680718
2.42755,-0.140822,0.0424443
2.33336,0.0929016,-0.149661
2.46567,-0.264374,-0.144417
2.37588,-0.0215634,0.138371
2.41793,-0.140264,0.0986745
2.36933,-0.021504,-0.110372
2.41263,-0.139956,-0.126653
2.41987,-0.140376,0.197878
2.32822,0.0926971,-0.0949294
2.37526,-0.0215578,-0.0552732
2.3421,0.0850622,-0.0409084
2.4184,-0.148763,-0.0705155
2.40768,-0.148103,-0.482449
2.37581,-0.0298569,0
2.46874,-0.273423,-0.0289165
2.35548,-0.0296013,-0.366486
2.34242,0.0850738,0.0136231
2.3701,-0.0297851,-0.255319
2.45822,-0.272258,-0.230873
2.37917,-0.0298991,0.0553663
2.46079,-0.272543,0.0288233
2.37003,-0.0297842,-0.165741
2.33347,0.084749,0.0679555
2.43103,-0.14954,0.0425141
2.33367,0.0847561,-0.149661
2.4687,-0.273419,-0.14465
2.37978,-0.0299068,0.138603
2.42141,-0.148948,0.0988373
2.36924,-0.0297744,-0.110372
2.4201,-0.148868,-0.127072
2.38986,-0.0300335,0.293461
2.41936,-0.148822,0.197878
2.32454,0.0844244,-0.0947666
2.37917,-0.0298991,-0.0553663
2.34238,0.0768863,-0.0409084
2.42186,-0.157464,-0.0706318
2.37969,-0.0382141,0
2.36721,-0.0380137,-0.368331
2.41537,-0.157042,-0.308094
2.3387,0.0767655,0.0135999
2.42684,-0.157787,-0.0141346
2.37396,-0.038122,-0.255748
2.46517,-0.281742,-0.231617
2.38305,-0.0382679,0.0554593
2.47571,-0.282948,0.0290096
2.36991,-0.0380569,-0.165741
2.32976,0.0764719,0.0678391
2.43449,-0.158285,0.0425839
2.33794,0.0767405,-0.149916
2.46773,-0.282035,-0.14465
2.38365,-0.0382777,0.138836
2.42486,-0.157659,0.0990001
2.38511,-0.038301,-0.111116
2.42754,-0.157833,-0.12749
2.38974,-0.0383755,0.293461
2.43076,-0.158043,0.198855
2.33281,0.076572,-0.0950922
2.38705,-0.0383322,-0.0555524
2.34666,0.0680075,-0.0409782
2.42921,-0.167311,-0.0708645
2.37495,-0.0472601,-0.369561
2.41871,-0.166588,-0.3086
2.34298,0.0679008,0.0136231
2.36584,-0.0470788,-0.254891
2.46407,-0.291205,-0.231617
2.38688,-0.0474975,0.0555524
2.47858,-0.292921,0.0290561
2.37772,-0.0473152,-0.166299
2.33803,0.0677574,0.0680718
2.33822,0.0677629,-0.149916
2.47059,-0.291977,-0.144882
2.38349,-0.0474299,0.138836
2.43222,-0.167518,0.0993258
2.40149,-0.0477881,0.294924
2.43412,-0.167649,0.19918
2.33308,0.0676141,-0.0950922
2.38688,-0.0474975,-0.0555524
2.42862,-0.17579,-0.0708645
2.39135,-0.0559376,0
2.37477,-0.05555,-0.369561
2.42603,-0.175602,-0.30961
2.3472,0.0598238,0.0136464
2.37362,-0.0555229,-0.255748
2.46303,-0.299805,-0.231617
2.3867,-0.0558289,0.0555524
2.48549,-0.302538,0.0291493
2.38951,-0.0558947,-0.167137
2.34624,0.0597995,0.0683046
2.44124,-0.176703,0.0427235
2.34642,0.059804,-0.150428
2.47352,-0.301081,-0.145115
2.39129,-0.0559364,0.139301
2.42763,-0.175718,0.0991629
2.38876,-0.055877,-0.111302
2.4303,-0.175911,-0.1277
2.39734,-0.0560777,0.294436
2.43352,-0.176144,0.19918
2.3373,0.0595716,-0.095255
2.3907,-0.0559225,-0.0556454
2.34706,0.0524425,-0.0409782
2.43204,-0.18372,-0.0709809
2.38716,-0.0633438,0
2.38249,-0.0632199,-0.370791
2.35137,0.0525389,0.0136696
2.37343,-0.0629795,-0.255748
2.46208,-0.307541,-0.231617
2.39051,-0.0634328,0.0556454
2.48055,-0.309849,0.0291027
2.38134,-0.0631895,-0.166578
2.35042,0.0525176,0.0684209
2.44067,-0.184372,0.0427235
2.3466,0.0524323,-0.150428
2.48049,-0.30984,-0.14558
2.3951,-0.0635545,0.139534
2.43105,-0.183645,0.0993258
2.43372,-0.183846,-0.127909
2.39715,-0.0636089,0.294436
2.43693,-0.184089,0.199506
2.33748,0.0522284,-0.095255
2.39451,-0.0635388,-0.0557385
2.35522,0.0444002,-0.0411179
2.43138,-0.192208,-0.0709809
2.39492,-0.0719163,0
2.49136,-0.320034,-0.0292424
2.38226,-0.071536,-0.370791
2.35554,0.0444062,0.0136929
2.44433,-0.193232,-0.0142508
2.38115,-0.0715027,-0.256605
2.47284,-0.317656,-0.232732
2.39827,-0.0720169,0.0558315
2.48342,-0.319015,0.0291493
2.39308,-0.0718609,-0.167416
2.43627,-0.192594,-0.199506
2.34659,0.0442374,0.0683046
2.44799,-0.193521,0.0428631
2.35076,0.044316,-0.150684
2.48335,-0.319006,-0.145813
2.39885,-0.0720344,0.139766
2.43438,-0.192445,0.0994886
2.43704,-0.192655,-0.128118
2.40088,-0.0720953,0.294924
2.44024,-0.192908,0.199831
2.33765,0.0440688,-0.095255
2.39827,-0.0720169,-0.0558315
2.35937,0.0358283,-0.0411877
2.4466,-0.202437,-0.0714464
2.39464,-0.0806936,0
2.37803,-0.0801338,-0.370176
2.432,-0.201229,-0.31062
2.35569,0.0357724,0.0136929
2.38087,-0.0802296,-0.256605
2.47561,-0.327239,-0.233104
2.40199,-0.0809412,0.0559246
2.49413,-0.329688,0.029289
2.3928,-0.0806315,-0.167416
2.35873,0.0358186,0.0686537
2.44726,-0.202492,0.0428631
2.34691,0.0356391,-0.150428
2.48612,-0.328629,-0.146045
2.39458,-0.0806916,0.139534
2.44561,-0.202355,0.0999771
2.40003,-0.0808754,-0.111861
2.44428,-0.202245,-0.128537
2.40854,-0.0811619,0.295899
2.44349,-0.20218,0.200157
2.34578,0.035622,-0.0955807
2.39399,-0.0806718,-0.0557385
2.35948,0.0275923,-0.0411877
2.43791,-0.210289,-0.0712136
2.40634,-0.089498,0
2.38563,-0.088728,-0.371406
2.43524,-0.210058,-0.311125
2.3598,0.0275961,0.0137161
2.44687,-0.211062,-0.0142741
2.38455,-0.0886876,-0.257033
2.47445,-0.335878,-0.233104
2.40569,-0.0894738,0.0560176
2.49297,-0.338392,0.029289
2.35484,0.0275381,0.0685373
2.45451,-0.21172,0.0430027
2.35501,0.02754,-0.15094
2.48101,-0.336768,-0.145813
2.40626,-0.089495,0.140231
2.44489,-0.21089,0.0999771
2.42014,-0.0900114,0.297361
2.45072,-0.211393,0.200808
2.34989,0.0274802,-0.0957435
2.3937,-0.0890279,-0.0557385
2.36356,0.0193889,-0.0412575
2.44513,-0.219512,-0.0714464
2.50366,-0.348747,-0.0294287
2.38926,-0.0972155,-0.37202
2.43844,-0.218912,-0.31163
2.35988,0.0193587,0.0137161
2.4501,-0.219959,-0.0142973
2.38025,-0.0968491,-0.256605
2.47326,-0.344514,-0.233104
2.40136,-0.0977081,0.0559246
2.36292,0.0193836,0.06877
2.45376,-0.220287,0.0430027
2.3511,0.0192866,-0.150684
2.48773,-0.346528,-0.146278
2.40593,-0.0978939,0.140231
2.44413,-0.219423,0.0999771
2.41981,-0.0984587,0.297361
2.46188,-0.221016,0.201784
2.34997,0.0192774,-0.0957435
2.38938,-0.0972204,-0.0556454
2.36761,0.0115704,-0.0413273
2.45235,-0.228361,-0.0716791
2.50645,-0.357613,-0.0294752
2.38892,-0.105138,-0.37202
2.4456,-0.227733,-0.31264
2.37193,0.0115916,0.0137859
2.45733,-0.228825,-0.0143438
2.39978,-0.105616,-0.258747
2.48394,-0.354401,-0.234219
2.40902,-0.106022,0.0561107
2.50249,-0.357048,0.0294287
2.4038,-0.105793,-0.168253
2.36297,0.0115478,0.06877
2.46098,-0.229164,0.0431423
2.35913,0.011529,-0.151196
2.48656,-0.354776,-0.146278
2.40559,-0.105872,0.140231
2.44737,-0.227898,0.10014
2.40706,-0.105936,-0.112233
2.454,-0.228515,-0.129165
2.42344,-0.106657,0.297849
2.45716,-0.228809,0.201458
2.35802,0.0115235,-0.0960692
2.40103,-0.105671,-0.0559246
2.37164,0.00289749,-0.0413971
2.45547,-0.237733,-0.0717954
2.41326,-0.115073,0
2.50908,-0.367376,-0.0295218
2.38852,-0.113893,-0.37202
2.36796,0.00289299,0.0137626
2.39938,-0.114411,-0.258747
2.4166,-0.115232,0.0562968
2.50512,-0.366797,0.0294752
2.40738,-0.114792,-0.168532
2.363,0.00288693,0.06877
2.36315,0.00288712,-0.151451
2.4971,-0.365623,-0.146975
2.41715,-0.115259,0.140929
2.45448,-0.237636,0.100466
2.41064,-0.114948,-0.112419
2.45712,-0.237893,-0.129375
2.41906,-0.11535,0.297361
2.46027,-0.238198,0.201784
2.35405,0.002876,-0.0959064
2.40861,-0.114851,-0.0561107
2.37563,-0.00456089,-0.0414669
2.45472,-0.245446,-0.0717954
2.42087,-0.12306,0
2.51186,-0.375849,-0.0295684
2.39605,-0.121798,-0.37325
2.45189,-0.245164,-0.31365
2.37596,-0.00456151,0.0138091
2.40298,-0.12215,-0.259175
2.49328,-0.373069,-0.235334
2.42022,-0.123027,0.0563898
2.51582,-0.376441,0.0296149
2.37099,-0.00455198,0.0690027
2.46334,-0.246308,0.0432122
2.35916,-0.00452925,-0.151196
2.49989,-0.374057,-0.147208
2.4577,-0.245744,0.100628
2.43058,-0.123553,0.298824
2.46745,-0.246719,0.202435
2.36204,-0.00453478,-0.096232
2.40824,-0.122417,-0.0561107
2.3716,-0.0128317,-0.0413971
2.46577,-0.255248,-0.0721445
2.42442,-0.131727,0
2.4035,-0.13059,-0.37448
2.45497,-0.254129,-0.314155
2.37993,-0.0128768,0.0138324
2.40254,-0.130537,-0.259175
2.51844,-0.385826,0.0296615
2.41453,-0.131189,-0.16909
2.37496,-0.0128499,0.0691191
2.47042,-0.255729,0.0433518
2.3711,-0.012829,-0.151963
2.49857,-0.382781,-0.147208
2.42431,-0.13172,0.141394
2.46477,-0.255144,0.100954
2.4341,-0.132252,0.299311
2.46657,-0.25533,0.202435
2.366,-0.0128014,-0.0963948
2.41179,-0.13104,-0.0562037
2.45687,-0.263431,-0.0719118
2.4109,-0.139856,-0.37571
2.45797,-0.263549,-0.31466
2.37586,-0.0215632,0.0138091
2.41395,-0.140033,-0.26046
2.42726,-0.140805,0.056576
2.41802,-0.140269,-0.169369
2.38289,-0.021627,0.0693518
2.37104,-0.0215194,-0.151963
2.50109,-0.392555,-0.147441
2.43178,-0.141067,0.141859
2.46382,-0.264176,0.100954
2.43757,-0.141403,0.299799
2.47355,-0.265219,0.203086
2.37393,-0.0215457,-0.0967205
2.41928,-0.140342,-0.0563898
2.38344,-0.0303689,-0.0416065
2.47179,-0.274198,-0.0723772
2.42339,-0.149495,0
2.41037,-0.148691,-0.37571
2.47677,-0.27475,-0.0144833
2.40946,-0.148635,-0.260032
2.43072,-0.149947,0.056669
2.52345,-0.405546,0.0297546
2.42147,-0.149376,-0.169648
2.3788,-0.0303097,0.0692355
2.37893,-0.0303113,-0.152475
2.50358,-0.402353,-0.147673
2.43125,-0.149979,0.141859
2.47078,-0.274086,0.10128
2.42077,-0.149333,-0.112978
2.46944,-0.273938,-0.130212
2.43307,-0.150092,0.299311
2.48048,-0.275163,0.203737
2.37783,-0.0302974,-0.0968833
2.41875,-0.149208,-0.0563898
2.46297,-0.281055,-0.0721445
2.4269,-0.157366,0
2.52216,-0.413472,-0.0297546
2.40989,-0.156263,-0.37571
2.47986,-0.282983,-0.0145065
2.41295,-0.156461,-0.26046
2.52216,-0.413472,0.0297546
2.42099,-0.156983,-0.169648
2.46772,-0.281598,-0.20276
2.37869,-0.0377827,0.0692355
2.38281,-0.0378481,-0.152731
2.50624,-0.410862,-0.147906
2.43874,-0.158134,0.142324
2.47388,-0.2823,0.101443
2.44051,-0.158248,0.300286
2.47168,-0.28205,0.203086
2.37373,-0.0377039,-0.0967205
2.42226,-0.157065,-0.0564829
2.39118,-0.046748,-0.0417462
2.46986,-0.291016,-0.0723772
2.43429,-0.166807,0
2.52852,-0.424036,-0.0298477
2.4093,-0.165094,-0.37571
2.47083,-0.291131,-0.316681
2.3915,-0.0467543,0.0139021
2.41632,-0.165576,-0.260888
2.52852,-0.424036,0.0298477
2.42438,-0.166128,-0.169927
2.47063,-0.291107,-0.203086
2.38653,-0.0466571,0.0694682
2.48245,-0.292499,0.043631
2.38266,-0.0465813,-0.152731
2.5126,-0.421366,-0.148371
2.48077,-0.292301,0.101768
2.47545,-0.291675,-0.130631
2.44783,-0.167735,0.301261
2.37358,-0.0464039,-0.0967205
2.42166,-0.165942,-0.0564829
2.391,-0.0550945,-0.0417462
2.47677,-0.300599,-0.07261
2.53096,-0.433535,-0.0298943
2.41659,-0.174071,-0.37694
2.4698,-0.299754,-0.316681
2.39133,-0.0551019,0.0139021
2.41573,-0.174009,-0.260888
2.53096,-0.433535,0.0298943
2.42777,-0.174876,-0.170206
2.47752,-0.30069,-0.203737
2.38236,-0.0548953,0.0693518
2.48538,-0.301644,0.0437008
2.38248,-0.0548981,-0.152731
2.51111,-0.430134,-0.148371
2.44153,-0.175867,0.142557
2.48767,-0.301922,0.102094
2.38139,-0.054873,-0.0970462
2.42506,-0.174681,-0.056576
2.3948,-0.0631284,-0.041816
2.47179,-0.308316,-0.0724936
2.44108,-0.183974,0
2.53739,-0.443302,-0.0299874
2.416,-0.182084,-0.37694
2.39913,-0.0632424,0.0139486
2.42704,-0.182916,-0.262174
2.4444,-0.184225,0.0570412
2.54133,-0.443991,0.030034
2.39415,-0.0631113,0.0697009
2.38627,-0.0629036,-0.152986
2.51754,-0.439833,-0.148836
2.44491,-0.184263,0.142789
2.49062,-0.310664,0.102257
2.45455,-0.18499,0.302236
2.38519,-0.0628751,-0.097209
2.43244,-0.183323,-0.0567621
2.47858,-0.318392,-0.0727263
2.44437,-0.193235,0
2.53969,-0.453302,-0.030034
2.42714,-0.191872,-0.378784
2.40288,-0.0721552,0.0139718
2.42635,-0.19181,-0.262174
2.44371,-0.193183,0.0570412
2.53969,-0.453302,0.030034
2.43046,-0.192135,-0.170485
2.39391,-0.0718859,0.0697009
2.39002,-0.0717691,-0.153242
2.51984,-0.449759,-0.149068
2.45218,-0.193852,0.143255
2.49343,-0.3203,0.10242
2.48811,-0.319617,-0.131468
2.45782,-0.194298,0.302723
2.39294,-0.0718567,-0.0975347
2.43574,-0.192552,-0.0568551
2.48543,-0.327655,-0.0729591
2.53817,-0.461721,-0.030034
2.42649,-0.19992,-0.378784
2.40262,-0.080123,0.0139718
2.4257,-0.199855,-0.262174
2.44174,-0.201177,-0.171322
2.48615,-0.327749,-0.204713
2.39366,-0.079824,0.0697009
2.39775,-0.0799603,-0.153754
2.45551,-0.202311,0.143487
2.50028,-0.329611,0.102745
2.44107,-0.201122,-0.114094
2.491,-0.328389,-0.131677
2.38869,-0.0796584,-0.0973718
2.43509,-0.200629,-0.0568551
2.48824,-0.336865,-0.0730754
2.54441,-0.472038,-0.0301271
2.42184,-0.208051,-0.37817
2.40233,-0.0885093,0.0139718
2.43291,-0.209002,-0.26303
2.445,-0.210041,-0.171601
2.39736,-0.0883261,0.0698173
2.49684,-0.33803,0.0439801
2.38947,-0.0880356,-0.153242
2.45876,-0.211223,0.14372
2.50307,-0.338873,0.102908
2.44434,-0.209983,-0.11428
2.4938,-0.337618,-0.131887
2.39638,-0.0882902,-0.0976975
2.44234,-0.209812,-0.0570412
2.40168,-0.0968813,-0.0419556
2.49101,-0.346099,-0.0731918
2.54668,-0.48166,-0.0301737
2.43291,-0.217559,-0.380014
2.41,-0.0972169,0.0140183
2.50391,-0.347891,-0.0146925
2.42821,-0.217139,-0.262602
2.44823,-0.218929,-0.17188
2.4917,-0.346195,-0.205364
2.40103,-0.0968551,0.0699336
2.39314,-0.0965368,-0.153498
2.45801,-0.219804,0.14372
2.50583,-0.348159,0.103071
2.49656,-0.34687,-0.132096
2.40006,-0.0968157,-0.0978603
2.44558,-0.218692,-0.0571343
2.48589,-0.353794,-0.0730754
2.45745,-0.227971,0
2.55292,-0.491615,-0.0302668
2.43611,-0.225991,-0.380629
2.41366,-0.105383,0.0140416
2.4354,-0.225925,-0.263459
2.46077,-0.228278,0.0575065
2.45146,-0.227415,-0.172159
2.49843,-0.355579,-0.206015
2.40868,-0.105165,0.0701664
2.40477,-0.104995,-0.154266
2.49675,-0.35534,0.102745
2.45479,-0.227724,-0.114839
2.49935,-0.35571,-0.132305
2.40771,-0.105123,-0.098186
2.4528,-0.22754,-0.0573204
2.49651,-0.364201,-0.0734245
2.46062,-0.236931,0
2.55511,-0.501293,-0.0303134
2.44317,-0.235251,-0.381859
2.41727,-0.113996,0.0140648
2.5094,-0.366081,-0.014739
2.44251,-0.235187,-0.264316
2.45463,-0.236354,-0.172438
2.50112,-0.364873,-0.20634
2.4123,-0.113761,0.0702827
2.40838,-0.113576,-0.154521
2.46838,-0.237678,0.144417
2.5034,-0.365207,0.103071
2.45398,-0.236291,-0.114839
2.49809,-0.364432,-0.132305
2.40733,-0.113527,-0.098186
2.45597,-0.236483,-0.0574134
2.50306,-0.374532,-0.0736572
2.54541,-0.509086,-0.0302203
2.42083,-0.123058,0.0140881
2.44559,-0.244533,-0.264744
2.45771,-0.245746,-0.172717
2.49582,-0.373448,-0.206015
2.41186,-0.122602,0.0702827
2.50995,-0.375563,0.103397
2.50069,-0.374177,-0.132515
2.40689,-0.122349,-0.098186
2.46305,-0.246279,-0.0575995
2.49779,-0.382661,-0.0735409
2.4164,-0.13129,0.0140648
2.44867,-0.253478,-0.265172
2.50632,-0.383969,-0.206991
2.41941,-0.131454,0.0705155
2.51823,-0.385793,0.0444687
2.41149,-0.131024,-0.154777
2.46017,-0.254668,-0.115211
2.50332,-0.383509,-0.132724
2.41443,-0.131184,-0.0985116
2.41961,-0.139514,-0.0423046
2.51231,-0.393417,-0.0740063
2.42393,-0.139763,0.0141113
2.52123,-0.394814,-0.014832
2.44387,-0.261174,-0.264744
2.50898,-0.392895,-0.207317
2.41896,-0.139476,0.0705155
2.41503,-0.13925,-0.155033
2.47767,-0.264787,0.145115
2.50993,-0.393044,-0.133143
2.42196,-0.13965,-0.0988373
2.46529,-0.263464,-0.0576926
2.51092,-0.402184,-0.0740063
2.42343,-0.148223,0.0141113
2.52379,-0.404245,-0.0148553
2.4548,-0.271012,-0.266029
2.47628,-0.273384,0.0579717
2.46695,-0.272354,-0.173554
2.43043,-0.148651,0.0708645
2.52739,-0.404823,0.0446782
2.42249,-0.148166,-0.155545
2.46235,-0.271846,-0.115397
2.51643,-0.403066,-0.133561
2.42545,-0.148347,-0.0990001
2.46833,-0.272506,-0.0577856
2.51337,-0.412031,-0.0741227
2.47196,-0.282081,0
2.42686,-0.157364,0.0141346
2.45379,-0.280008,-0.266029
2.4699,-0.281846,-0.173833
2.42987,-0.157558,0.0708645
2.52984,-0.414731,0.044748
2.42193,-0.157044,-0.155545
2.46928,-0.281776,-0.115769
2.51493,-0.412287,-0.133561
2.47129,-0.282005,-0.0578787
2.51199,-0.420363,-0.0741227
2.47895,-0.29121,0
2.46075,-0.289071,-0.266886
2.42933,-0.165615,0.0708645
2.4723,-0.290428,-0.115956
2.51749,-0.421283,-0.133771
2.42834,-0.165548,-0.0991629
2.51445,-0.429803,-0.074239
2.42972,-0.174165,0.0141578
2.53519,-0.433347,-0.0149482
2.46367,-0.298137,-0.267314
2.47981,-0.30009,-0.17467
2.43273,-0.17438,0.0709809
2.5309,-0.432615,0.0448178
2.43275,-0.174382,-0.156312
2.49355,-0.301753,0.146278
2.4792,-0.300017,-0.116328
2.51601,-0.430069,-0.133771
2.43174,-0.174309,-0.0993258
2.52475,-0.44064,-0.0745881
2.48877,-0.309992,0
2.44107,-0.183545,0.0142276
2.53366,-0.442194,-0.0149482
2.45867,-0.306243,-0.266886
2.47875,-0.308744,-0.17467
2.44008,-0.18347,0.0712136
2.43611,-0.183172,-0.156568
2.49248,-0.310455,0.146278
2.47814,-0.308669,-0.116328
2.52629,-0.440909,-0.134399
2.43909,-0.183396,-0.0996514
2.48413,-0.309414,-0.0582509
2.51926,-0.448749,-0.0744718
2.49164,-0.319186,0
2.4444,-0.192378,0.0142508
2.53998,-0.452439,-0.0149947
2.46153,-0.315329,-0.267314
2.49096,-0.3191,0.058437
2.48161,-0.317902,-0.174949
2.44341,-0.1923,0.07133
2.43944,-0.191988,-0.156824
2.48101,-0.317825,-0.116514
2.52867,-0.450425,-0.134608
2.52555,-0.45897,-0.0747045
2.49448,-0.328404,0
2.4477,-0.201238,0.0142741
2.4683,-0.324958,-0.268171
2.4884,-0.327604,-0.175507
2.45069,-0.201483,0.0715627
2.47989,-0.326484,-0.116514
2.53101,-0.459963,-0.134817
2.48984,-0.327793,-0.058437
2.53572,-0.469969,-0.0750536
2.49728,-0.337645,0
2.54855,-0.472346,-0.0150645
2.47109,-0.334105,-0.268599
2.49119,-0.336823,-0.175786
2.44997,-0.210037,0.0715627
2.50493,-0.338679,0.147208
2.48665,-0.336209,-0.116886
2.54118,-0.470979,-0.135445
2.445,-0.20961,-0.0999771
2.4966,-0.337554,-0.0586231
2.54193,-0.480302,-0.0752863
2.50005,-0.34691,0
2.44624,-0.218321,0.0142741
2.49,-0.345517,-0.175786
2.44922,-0.218587,0.0715627
2.44922,-0.218587,-0.157591
2.49338,-0.345985,-0.117258
2.49937,-0.346816,-0.0587162
2.54817,-0.490239,-0.075519
2.5068,-0.356324,0
2.45745,-0.227538,0.0143438
2.49279,-0.354333,-0.176065
2.45645,-0.227445,0.0717954
2.45246,-0.227076,-0.157847
2.49222,-0.354252,-0.117258
2.45545,-0.227353,-0.100466
2.49821,-0.355102,-0.0587162
2.5386,-0.497593,-0.0752863
2.5095,-0.365649,0
2.46062,-0.236497,0.0143671
2.51278,-0.366127,0.0590884
2.49549,-0.363608,-0.176344
2.45962,-0.236401,0.0719118
2.49097,-0.362949,-0.117258
2.50882,-0.36555,-0.0589953
2.54852,-0.509244,-0.0756354
2.50023,-0.373662,0
2.49809,-0.373342,-0.176623
2.50148,-0.373848,-0.117817
2.51142,-0.375334,-0.0590884
2.5148,-0.384369,0
2.50078,-0.382227,-0.176902
2.46984,-0.254798,0.0722609
2.50022,-0.382141,-0.117817
2.51739,-0.393763,0
2.46994,-0.263524,0.0144368
2.50337,-0.39157,-0.177181
2.47291,-0.263842,0.0723772
2.51466,-0.393336,-0.118561
2.51607,-0.402109,0
2.47303,-0.272151,0.01446
2.50994,-0.401129,-0.17774
2.51335,-0.401673,-0.118561
2.51934,-0.402631,-0.0593675
2.52642,-0.413265,0
2.51239,-0.41097,-0.178019
2.50791,-0.410237,-0.118375
2.52574,-0.413153,-0.0595536
2.52497,-0.422081,0
2.51488,-0.420395,-0.178298
2.51435,-0.420306,-0.118747
2.52823,-0.422626,-0.0596467
2.53531,-0.432912,0
2.48587,-0.300384,0.014553
2.4809,-0.299782,0.0727263
2.52074,-0.430426,-0.11912
2.5378,-0.442004,0
2.53111,-0.440839,-0.119678
2.53711,-0.441884,-0.0599259
2.5401,-0.452003,0
2.48659,-0.318099,-0.160661
2.52948,-0.450113,-0.119678
2.53547,-0.45118,-0.0599259
2.53575,-0.460368,-0.12005
2.53782,-0.460742,-0.0600189
2.54868,-0.47191,0
2.53806,-0.469944,-0.120236
2.54406,-0.471054,-0.060205
2.54702,-0.480803,0
2.50301,-0.346876,0.0735409
2.54426,-0.480283,-0.120609
2.53847,-0.47919,-0.060112
2.49784,-0.354161,-0.161685
2.49693,-0.354033,-0.102745
2.55266,-0.490179,-0.0604842
2.50436,-0.364901,-0.162196
2.55076,-0.499977,-0.0604842
2.50715,-0.373355,-0.162452
2.5531,-0.508769,-0.0605772
2.50965,-0.383582,-0.162708
2.51271,-0.38405,-0.103559
2.52028,-0.394214,0.074239
2.51136,-0.392819,-0.103559
2.51099,-0.400847,-0.162964
2.518,-0.401966,-0.103885
2.52132,-0.411979,-0.163731
2.52046,-0.411837,-0.104048
2.51994,-0.420337,-0.163731
2.52302,-0.420851,-0.104211
2.52782,-0.440266,-0.104536
2.53807,-0.451185,-0.105025
2.54041,-0.460755,-0.105188
2.53895,-0.468734,-0.105188
2.54892,-0.480701,-0.105676
